,date,disaster,province,total_cost,claims,duration,losses_day
0,2023-05-23,CAUSAS NATURALES/INUNDACIÓN EXTRAORDINARIA,Albacete,517.0,1,1,517.0
1,2023-05-25,CAUSAS NATURALES/INUNDACIÓN EXTRAORDINARIA,Albacete,3032.0,1,1,3032.0
5,2023-06-02,CAUSAS NATURALES/INUNDACIÓN EXTRAORDINARIA,Albacete,13669.0,6,4,3417.25
8,2023-06-07,CAUSAS NATURALES/INUNDACIÓN EXTRAORDINARIA,Albacete,11881.0,7,3,3960.3333333333335
9,2023-06-11,CAUSAS NATURALES/INUNDACIÓN EXTRAORDINARIA,Albacete,1355.0,2,1,1355.0
10,2023-06-21,CAUSAS NATURALES/INUNDACIÓN EXTRAORDINARIA,Albacete,5650.0,1,1,5650.0
12,2023-09-03,CAUSAS NATURALES/INUNDACIÓN EXTRAORDINARIA,Albacete,37987.0,7,2,18993.5
13,2023-09-11,CAUSAS NATURALES/INUNDACIÓN EXTRAORDINARIA,Albacete,3670.0,1,1,3670.0
14,2023-09-13,CAUSAS NATURALES/INUNDACIÓN EXTRAORDINARIA,Albacete,24760.0,8,1,24760.0
15,2023-09-15,CAUSAS NATURALES/INUNDACIÓN EXTRAORDINARIA,Albacete,14402.0,2,1,14402.0
16,2023-09-17,CAUSAS NATURALES/INUNDACIÓN EXTRAORDINARIA,Albacete,3632.0,1,1,3632.0
18,2023-09-20,CAUSAS NATURALES/INUNDACIÓN EXTRAORDINARIA,Albacete,2665.0,2,2,1332.5
23,2023-11-05,CAUSAS NATURALES/TEMPESTAD CICLÓNICA ATÍPICA,Albacete,23270.0,44,5,4654.0
24,2023-02-08,CAUSAS NATURALES/EMBATE DE MAR,Alicante/Alacant,112.0,1,1,112.0
25,2023-09-01,CAUSAS NATURALES/EMBATE DE MAR,Alicante/Alacant,536.0,1,1,536.0
26,2023-09-04,CAUSAS NATURALES/EMBATE DE MAR,Alicante/Alacant,6412.0,1,1,6412.0
28,2023-05-13,CAUSAS NATURALES/INUNDACIÓN EXTRAORDINARIA,Alicante/Alacant,4412.0,4,2,2206.0
29,2023-05-18,CAUSAS NATURALES/INUNDACIÓN EXTRAORDINARIA,Alicante/Alacant,1338.0,1,1,1338.0
30,2023-05-20,CAUSAS NATURALES/INUNDACIÓN EXTRAORDINARIA,Alicante/Alacant,3156.0,2,1,3156.0
34,2023-05-26,CAUSAS NATURALES/INUNDACIÓN EXTRAORDINARIA,Alicante/Alacant,524440.0,80,4,131110.0
37,2023-05-30,CAUSAS NATURALES/INUNDACIÓN EXTRAORDINARIA,Alicante/Alacant,26040.0,10,3,8680.0
40,2023-06-03,CAUSAS NATURALES/INUNDACIÓN EXTRAORDINARIA,Alicante/Alacant,66704.0,17,3,22234.666666666668
41,2023-06-13,CAUSAS NATURALES/INUNDACIÓN EXTRAORDINARIA,Alicante/Alacant,72363.0,26,1,72363.0
42,2023-07-26,CAUSAS NATURALES/INUNDACIÓN EXTRAORDINARIA,Alicante/Alacant,193.0,1,1,193.0
43,2023-08-27,CAUSAS NATURALES/INUNDACIÓN EXTRAORDINARIA,Alicante/Alacant,2361.0,1,1,2361.0
45,2023-09-03,CAUSAS NATURALES/INUNDACIÓN EXTRAORDINARIA,Alicante/Alacant,64758.0,17,2,32379.0
46,2023-09-12,CAUSAS NATURALES/INUNDACIÓN EXTRAORDINARIA,Alicante/Alacant,6205.0,2,1,6205.0
47,2023-09-15,CAUSAS NATURALES/INUNDACIÓN EXTRAORDINARIA,Alicante/Alacant,86390.0,30,1,86390.0
48,2023-09-19,CAUSAS NATURALES/INUNDACIÓN EXTRAORDINARIA,Alicante/Alacant,10994.0,5,1,10994.0
53,2023-01-20,CAUSAS NATURALES/TEMPESTAD CICLÓNICA ATÍPICA,Alicante/Alacant,36423.0,39,5,7284.6
54,2023-01-23,CAUSAS NATURALES/TEMPESTAD CICLÓNICA ATÍPICA,Alicante/Alacant,156.0,1,1,156.0
55,2023-04-29,CAUSAS NATURALES/TEMPESTAD CICLÓNICA ATÍPICA,Alicante/Alacant,39918.0,42,1,39918.0
56,2023-05-13,CAUSAS NATURALES/TEMPESTAD CICLÓNICA ATÍPICA,Alicante/Alacant,2867.0,3,1,2867.0
57,2023-07-11,CAUSAS NATURALES/TEMPESTAD CICLÓNICA ATÍPICA,Alicante/Alacant,95267.0,99,1,95267.0
58,2023-08-04,CAUSAS NATURALES/EMBATE DE MAR,Almeria,2704.0,1,1,2704.0
60,2023-09-03,CAUSAS NATURALES/EMBATE DE MAR,Almeria,18774.0,2,2,9387.0
61,2023-05-13,CAUSAS NATURALES/INUNDACIÓN EXTRAORDINARIA,Almeria,2194.0,1,1,2194.0
70,2023-05-26,CAUSAS NATURALES/INUNDACIÓN EXTRAORDINARIA,Almeria,1825564.0,192,9,202840.44444444444
72,2023-05-29,CAUSAS NATURALES/INUNDACIÓN EXTRAORDINARIA,Almeria,39746.0,8,2,19873.0
76,2023-06-03,CAUSAS NATURALES/INUNDACIÓN EXTRAORDINARIA,Almeria,114746.0,15,4,28686.5
77,2023-06-16,CAUSAS NATURALES/INUNDACIÓN EXTRAORDINARIA,Almeria,1157.0,1,1,1157.0
78,2023-06-19,CAUSAS NATURALES/INUNDACIÓN EXTRAORDINARIA,Almeria,5687.0,1,1,5687.0
80,2023-09-03,CAUSAS NATURALES/INUNDACIÓN EXTRAORDINARIA,Almeria,4010.0,4,2,2005.0
90,2023-01-23,CAUSAS NATURALES/TEMPESTAD CICLÓNICA ATÍPICA,Almeria,574182.0,572,10,57418.2
98,2023-10-24,CAUSAS NATURALES/TEMPESTAD CICLÓNICA ATÍPICA,Almeria,304678.0,187,8,38084.75
103,2023-11-05,CAUSAS NATURALES/TEMPESTAD CICLÓNICA ATÍPICA,Almeria,1420507.0,1315,5,284101.4
106,2023-06-01,CAUSAS NATURALES/INUNDACIÓN EXTRAORDINARIA,Araba/Alava,22034.0,12,3,7344.666666666667
108,2023-06-12,CAUSAS NATURALES/INUNDACIÓN EXTRAORDINARIA,Araba/Alava,122218.0,24,2,61109.0
109,2023-06-14,CAUSAS NATURALES/INUNDACIÓN EXTRAORDINARIA,Araba/Alava,19348.0,1,1,19348.0
114,2023-06-21,CAUSAS NATURALES/INUNDACIÓN EXTRAORDINARIA,Araba/Alava,132376.0,31,5,26475.2
115,2023-06-29,CAUSAS NATURALES/INUNDACIÓN EXTRAORDINARIA,Araba/Alava,476.0,1,1,476.0
117,2023-07-07,CAUSAS NATURALES/INUNDACIÓN EXTRAORDINARIA,Araba/Alava,253670.0,87,2,126835.0
118,2023-07-27,CAUSAS NATURALES/INUNDACIÓN EXTRAORDINARIA,Araba/Alava,450.0,1,1,450.0
119,2023-09-02,CAUSAS NATURALES/INUNDACIÓN EXTRAORDINARIA,Araba/Alava,18302.0,3,1,18302.0
120,2023-09-04,CAUSAS NATURALES/INUNDACIÓN EXTRAORDINARIA,Araba/Alava,2522.0,1,1,2522.0
123,2023-09-12,CAUSAS NATURALES/INUNDACIÓN EXTRAORDINARIA,Araba/Alava,12030.0,7,3,4010.0
124,2023-01-14,CAUSAS NATURALES/TEMPESTAD CICLÓNICA ATÍPICA,Araba/Alava,55.0,1,1,55.0
126,2023-01-17,CAUSAS NATURALES/TEMPESTAD CICLÓNICA ATÍPICA,Araba/Alava,2796.0,6,2,1398.0
134,2023-10-24,CAUSAS NATURALES/TEMPESTAD CICLÓNICA ATÍPICA,Araba/Alava,35837.0,62,8,4479.625
136,2023-10-29,CAUSAS NATURALES/TEMPESTAD CICLÓNICA ATÍPICA,Araba/Alava,5063.0,4,2,2531.5
142,2023-11-05,CAUSAS NATURALES/TEMPESTAD CICLÓNICA ATÍPICA,Araba/Alava,529259.0,555,6,88209.83333333333
143,2023-12-30,CAUSAS NATURALES/TEMPESTAD CICLÓNICA ATÍPICA,Araba/Alava,3214.0,1,1,3214.0
144,2023-10-28,CAUSAS NATURALES/EMBATE DE MAR,Asturias,8564.0,2,1,8564.0
145,2023-01-01,CAUSAS NATURALES/INUNDACIÓN EXTRAORDINARIA,Asturias,2902.0,2,1,2902.0
151,2023-01-20,CAUSAS NATURALES/INUNDACIÓN EXTRAORDINARIA,Asturias,206797.0,65,6,34466.166666666664
152,2023-06-01,CAUSAS NATURALES/INUNDACIÓN EXTRAORDINARIA,Asturias,2944.0,1,1,2944.0
153,2023-06-08,CAUSAS NATURALES/INUNDACIÓN EXTRAORDINARIA,Asturias,2286.0,2,1,2286.0
155,2023-06-13,CAUSAS NATURALES/INUNDACIÓN EXTRAORDINARIA,Asturias,8326.0,7,2,4163.0
156,2023-08-26,CAUSAS NATURALES/INUNDACIÓN EXTRAORDINARIA,Asturias,8228.0,2,1,8228.0
159,2023-09-03,CAUSAS NATURALES/INUNDACIÓN EXTRAORDINARIA,Asturias,22865.0,7,3,7621.666666666667
167,2023-09-15,CAUSAS NATURALES/INUNDACIÓN EXTRAORDINARIA,Asturias,1182323.0,397,8,147790.375
168,2023-09-17,CAUSAS NATURALES/INUNDACIÓN EXTRAORDINARIA,Asturias,98.0,1,1,98.0
169,2023-10-02,CAUSAS NATURALES/INUNDACIÓN EXTRAORDINARIA,Asturias,1505.0,1,1,1505.0
170,2023-10-13,CAUSAS NATURALES/INUNDACIÓN EXTRAORDINARIA,Asturias,270.0,1,1,270.0
171,2023-10-20,CAUSAS NATURALES/INUNDACIÓN EXTRAORDINARIA,Asturias,390.0,1,1,390.0
174,2023-10-29,CAUSAS NATURALES/INUNDACIÓN EXTRAORDINARIA,Asturias,19439.0,9,3,6479.666666666667
176,2023-11-01,CAUSAS NATURALES/INUNDACIÓN EXTRAORDINARIA,Asturias,1851.0,3,2,925.5
177,2023-11-04,CAUSAS NATURALES/INUNDACIÓN EXTRAORDINARIA,Asturias,1105.0,1,1,1105.0
178,2023-11-10,CAUSAS NATURALES/INUNDACIÓN EXTRAORDINARIA,Asturias,1124.0,1,1,1124.0
179,2023-11-30,CAUSAS NATURALES/INUNDACIÓN EXTRAORDINARIA,Asturias,4663.0,1,1,4663.0
180,2023-01-01,CAUSAS NATURALES/TEMPESTAD CICLÓNICA ATÍPICA,Asturias,6715.0,13,1,6715.0
183,2023-01-09,CAUSAS NATURALES/TEMPESTAD CICLÓNICA ATÍPICA,Asturias,1950.0,5,3,650.0
193,2023-01-23,CAUSAS NATURALES/TEMPESTAD CICLÓNICA ATÍPICA,Asturias,879819.0,1049,10,87981.9
194,2023-03-08,CAUSAS NATURALES/TEMPESTAD CICLÓNICA ATÍPICA,Asturias,2459.0,4,1,2459.0
195,2023-03-10,CAUSAS NATURALES/TEMPESTAD CICLÓNICA ATÍPICA,Asturias,1128.0,3,1,1128.0
197,2023-03-14,CAUSAS NATURALES/TEMPESTAD CICLÓNICA ATÍPICA,Asturias,4493.0,12,2,2246.5
198,2023-03-30,CAUSAS NATURALES/TEMPESTAD CICLÓNICA ATÍPICA,Asturias,746.0,1,1,746.0
199,2023-09-15,CAUSAS NATURALES/TEMPESTAD CICLÓNICA ATÍPICA,Asturias,849.0,1,1,849.0
207,2023-10-24,CAUSAS NATURALES/TEMPESTAD CICLÓNICA ATÍPICA,Asturias,323520.0,439,8,40440.0
216,2023-11-05,CAUSAS NATURALES/TEMPESTAD CICLÓNICA ATÍPICA,Asturias,2650646.0,3427,9,294516.22222222225
218,2023-05-27,CAUSAS NATURALES/INUNDACIÓN EXTRAORDINARIA,Avila,20634.0,9,2,10317.0
227,2023-06-06,CAUSAS NATURALES/INUNDACIÓN EXTRAORDINARIA,Avila,119670.0,33,9,13296.666666666666
229,2023-06-09,CAUSAS NATURALES/INUNDACIÓN EXTRAORDINARIA,Avila,4950.0,2,2,2475.0
230,2023-06-12,CAUSAS NATURALES/INUNDACIÓN EXTRAORDINARIA,Avila,1221.0,1,1,1221.0
231,2023-06-17,CAUSAS NATURALES/INUNDACIÓN EXTRAORDINARIA,Avila,192.0,1,1,192.0
236,2023-09-06,CAUSAS NATURALES/INUNDACIÓN EXTRAORDINARIA,Avila,315656.0,69,5,63131.2
237,2023-11-30,CAUSAS NATURALES/INUNDACIÓN EXTRAORDINARIA,Avila,702.0,1,1,702.0
239,2023-01-17,CAUSAS NATURALES/TEMPESTAD CICLÓNICA ATÍPICA,Avila,3582.0,3,2,1791.0
240,2023-01-23,CAUSAS NATURALES/TEMPESTAD CICLÓNICA ATÍPICA,Avila,832.0,1,1,832.0
246,2023-10-22,CAUSAS NATURALES/TEMPESTAD CICLÓNICA ATÍPICA,Avila,3035.0,7,6,505.8333333333333
251,2023-11-05,CAUSAS NATURALES/TEMPESTAD CICLÓNICA ATÍPICA,Avila,7528.0,14,5,1505.6
252,2023-05-26,CAUSAS NATURALES/INUNDACIÓN EXTRAORDINARIA,Badajoz,56992.0,30,1,56992.0
253,2023-05-29,CAUSAS NATURALES/INUNDACIÓN EXTRAORDINARIA,Badajoz,1301.0,2,1,1301.0
254,2023-06-02,CAUSAS NATURALES/INUNDACIÓN EXTRAORDINARIA,Badajoz,9753.0,5,1,9753.0
255,2023-06-04,CAUSAS NATURALES/INUNDACIÓN EXTRAORDINARIA,Badajoz,2909.0,1,1,2909.0
256,2023-06-13,CAUSAS NATURALES/INUNDACIÓN EXTRAORDINARIA,Badajoz,2509.0,1,1,2509.0
257,2023-06-25,CAUSAS NATURALES/INUNDACIÓN EXTRAORDINARIA,Badajoz,1167.0,1,1,1167.0
258,2023-07-02,CAUSAS NATURALES/INUNDACIÓN EXTRAORDINARIA,Badajoz,5300.0,1,1,5300.0
261,2023-09-03,CAUSAS NATURALES/INUNDACIÓN EXTRAORDINARIA,Badajoz,141581.0,64,3,47193.666666666664
263,2023-09-15,CAUSAS NATURALES/INUNDACIÓN EXTRAORDINARIA,Badajoz,23817.0,6,2,11908.5
264,2023-09-19,CAUSAS NATURALES/INUNDACIÓN EXTRAORDINARIA,Badajoz,818.0,1,1,818.0
268,2023-10-20,CAUSAS NATURALES/INUNDACIÓN EXTRAORDINARIA,Badajoz,714050.0,204,4,178512.5
272,2023-10-25,CAUSAS NATURALES/INUNDACIÓN EXTRAORDINARIA,Badajoz,10959.0,8,4,2739.75
274,2023-10-30,CAUSAS NATURALES/INUNDACIÓN EXTRAORDINARIA,Badajoz,271308.0,28,2,135654.0
275,2023-11-02,CAUSAS NATURALES/INUNDACIÓN EXTRAORDINARIA,Badajoz,2224.0,1,1,2224.0
277,2023-12-01,CAUSAS NATURALES/INUNDACIÓN EXTRAORDINARIA,Badajoz,28015.0,5,2,14007.5
278,2023-10-19,CAUSAS NATURALES/TEMPESTAD CICLÓNICA ATÍPICA,Badajoz,5000.0,1,1,5000.0
281,2023-01-18,CAUSAS NATURALES/EMBATE DE MAR,"Balears, Illes",21389.0,3,3,7129.666666666667
282,2023-01-20,CAUSAS NATURALES/EMBATE DE MAR,"Balears, Illes",7597.0,3,1,7597.0
283,2023-02-09,CAUSAS NATURALES/EMBATE DE MAR,"Balears, Illes",3926.0,1,1,3926.0
285,2023-02-28,CAUSAS NATURALES/EMBATE DE MAR,"Balears, Illes",31139.0,3,2,15569.5
286,2023-09-03,CAUSAS NATURALES/EMBATE DE MAR,"Balears, Illes",13969.0,1,1,13969.0
288,2023-10-20,CAUSAS NATURALES/EMBATE DE MAR,"Balears, Illes",327948.0,8,2,163974.0
289,2023-11-05,CAUSAS NATURALES/EMBATE DE MAR,"Balears, Illes",22669.0,2,1,22669.0
290,2023-01-01,CAUSAS NATURALES/INUNDACIÓN EXTRAORDINARIA,"Balears, Illes",726.0,1,1,726.0
291,2023-01-07,CAUSAS NATURALES/INUNDACIÓN EXTRAORDINARIA,"Balears, Illes",4063.0,1,1,4063.0
292,2023-02-07,CAUSAS NATURALES/INUNDACIÓN EXTRAORDINARIA,"Balears, Illes",3803.0,1,1,3803.0
297,2023-03-02,CAUSAS NATURALES/INUNDACIÓN EXTRAORDINARIA,"Balears, Illes",2060102.0,259,5,412020.4
300,2023-03-08,CAUSAS NATURALES/INUNDACIÓN EXTRAORDINARIA,"Balears, Illes",31062.0,4,3,10354.0
301,2023-03-19,CAUSAS NATURALES/INUNDACIÓN EXTRAORDINARIA,"Balears, Illes",10070.0,1,1,10070.0
302,2023-04-04,CAUSAS NATURALES/INUNDACIÓN EXTRAORDINARIA,"Balears, Illes",2203.0,1,1,2203.0
303,2023-04-28,CAUSAS NATURALES/INUNDACIÓN EXTRAORDINARIA,"Balears, Illes",1460.0,1,1,1460.0
304,2023-05-05,CAUSAS NATURALES/INUNDACIÓN EXTRAORDINARIA,"Balears, Illes",8460.0,1,1,8460.0
305,2023-05-13,CAUSAS NATURALES/INUNDACIÓN EXTRAORDINARIA,"Balears, Illes",9224.0,1,1,9224.0
306,2023-05-16,CAUSAS NATURALES/INUNDACIÓN EXTRAORDINARIA,"Balears, Illes",22367.0,3,1,22367.0
308,2023-05-26,CAUSAS NATURALES/INUNDACIÓN EXTRAORDINARIA,"Balears, Illes",3666.0,2,2,1833.0
310,2023-05-29,CAUSAS NATURALES/INUNDACIÓN EXTRAORDINARIA,"Balears, Illes",15040.0,10,2,7520.0
315,2023-06-05,CAUSAS NATURALES/INUNDACIÓN EXTRAORDINARIA,"Balears, Illes",177515.0,41,5,35503.0
316,2023-06-09,CAUSAS NATURALES/INUNDACIÓN EXTRAORDINARIA,"Balears, Illes",3035.0,1,1,3035.0
317,2023-06-11,CAUSAS NATURALES/INUNDACIÓN EXTRAORDINARIA,"Balears, Illes",2880.0,1,1,2880.0
318,2023-06-14,CAUSAS NATURALES/INUNDACIÓN EXTRAORDINARIA,"Balears, Illes",3190.0,1,1,3190.0
320,2023-08-04,CAUSAS NATURALES/INUNDACIÓN EXTRAORDINARIA,"Balears, Illes",42450.0,5,2,21225.0
323,2023-08-29,CAUSAS NATURALES/INUNDACIÓN EXTRAORDINARIA,"Balears, Illes",299047.0,75,3,99682.33333333333
326,2023-09-04,CAUSAS NATURALES/INUNDACIÓN EXTRAORDINARIA,"Balears, Illes",18077.0,6,3,6025.666666666667
328,2023-09-17,CAUSAS NATURALES/INUNDACIÓN EXTRAORDINARIA,"Balears, Illes",3926.0,2,2,1963.0
331,2023-09-21,CAUSAS NATURALES/INUNDACIÓN EXTRAORDINARIA,"Balears, Illes",713279.0,88,3,237759.66666666666
333,2023-09-29,CAUSAS NATURALES/INUNDACIÓN EXTRAORDINARIA,"Balears, Illes",23387.0,2,2,11693.5
334,2023-10-10,CAUSAS NATURALES/INUNDACIÓN EXTRAORDINARIA,"Balears, Illes",2504.0,2,1,2504.0
337,2023-10-16,CAUSAS NATURALES/INUNDACIÓN EXTRAORDINARIA,"Balears, Illes",336539.0,70,3,112179.66666666667
338,2023-10-20,CAUSAS NATURALES/INUNDACIÓN EXTRAORDINARIA,"Balears, Illes",14289.0,1,1,14289.0
339,2023-10-22,CAUSAS NATURALES/INUNDACIÓN EXTRAORDINARIA,"Balears, Illes",4825.0,1,1,4825.0
340,2023-11-03,CAUSAS NATURALES/INUNDACIÓN EXTRAORDINARIA,"Balears, Illes",11811.0,2,1,11811.0
341,2023-01-07,CAUSAS NATURALES/TEMPESTAD CICLÓNICA ATÍPICA,"Balears, Illes",119.0,1,1,119.0
342,2023-01-09,CAUSAS NATURALES/TEMPESTAD CICLÓNICA ATÍPICA,"Balears, Illes",1339.0,2,1,1339.0
352,2023-01-23,CAUSAS NATURALES/TEMPESTAD CICLÓNICA ATÍPICA,"Balears, Illes",1268193.0,1418,10,126819.3
355,2023-02-28,CAUSAS NATURALES/TEMPESTAD CICLÓNICA ATÍPICA,"Balears, Illes",582480.0,242,3,194160.0
356,2023-08-27,CAUSAS NATURALES/TEMPESTAD CICLÓNICA ATÍPICA,"Balears, Illes",513358.0,312,1,513358.0
357,2023-10-15,CAUSAS NATURALES/TEMPESTAD CICLÓNICA ATÍPICA,"Balears, Illes",40657.0,7,1,40657.0
362,2023-11-05,CAUSAS NATURALES/TEMPESTAD CICLÓNICA ATÍPICA,"Balears, Illes",11554.0,13,5,2310.8
364,2023-02-07,CAUSAS NATURALES/EMBATE DE MAR,Barcelona,99611.0,4,2,49805.5
365,2023-02-23,CAUSAS NATURALES/EMBATE DE MAR,Barcelona,970.0,1,1,970.0
366,2023-10-17,CAUSAS NATURALES/EMBATE DE MAR,Barcelona,7984.0,1,1,7984.0
369,2023-10-21,CAUSAS NATURALES/EMBATE DE MAR,Barcelona,122544.0,7,3,40848.0
373,2023-05-02,CAUSAS NATURALES/INUNDACIÓN EXTRAORDINARIA,Barcelona,112434.0,26,4,28108.5
374,2023-05-06,CAUSAS NATURALES/INUNDACIÓN EXTRAORDINARIA,Barcelona,11940.0,1,1,11940.0
376,2023-05-12,CAUSAS NATURALES/INUNDACIÓN EXTRAORDINARIA,Barcelona,17950.0,6,2,8975.0
380,2023-05-26,CAUSAS NATURALES/INUNDACIÓN EXTRAORDINARIA,Barcelona,55673.0,16,4,13918.25
382,2023-05-31,CAUSAS NATURALES/INUNDACIÓN EXTRAORDINARIA,Barcelona,21783.0,3,2,10891.5
387,2023-06-07,CAUSAS NATURALES/INUNDACIÓN EXTRAORDINARIA,Barcelona,106201.0,21,5,21240.2
389,2023-06-10,CAUSAS NATURALES/INUNDACIÓN EXTRAORDINARIA,Barcelona,42623.0,8,2,21311.5
393,2023-06-16,CAUSAS NATURALES/INUNDACIÓN EXTRAORDINARIA,Barcelona,962662.0,224,4,240665.5
394,2023-06-20,CAUSAS NATURALES/INUNDACIÓN EXTRAORDINARIA,Barcelona,4663.0,1,1,4663.0
398,2023-07-01,CAUSAS NATURALES/INUNDACIÓN EXTRAORDINARIA,Barcelona,197903.0,49,4,49475.75
400,2023-07-13,CAUSAS NATURALES/INUNDACIÓN EXTRAORDINARIA,Barcelona,4189.0,2,2,2094.5
406,2023-08-31,CAUSAS NATURALES/INUNDACIÓN EXTRAORDINARIA,Barcelona,288482.0,100,6,48080.333333333336
409,2023-09-16,CAUSAS NATURALES/INUNDACIÓN EXTRAORDINARIA,Barcelona,33286.0,8,3,11095.333333333334
411,2023-09-20,CAUSAS NATURALES/INUNDACIÓN EXTRAORDINARIA,Barcelona,1750.0,2,2,875.0
413,2023-10-16,CAUSAS NATURALES/INUNDACIÓN EXTRAORDINARIA,Barcelona,17793.0,2,2,8896.5
415,2023-10-20,CAUSAS NATURALES/INUNDACIÓN EXTRAORDINARIA,Barcelona,22877.0,4,2,11438.5
420,2023-01-20,CAUSAS NATURALES/TEMPESTAD CICLÓNICA ATÍPICA,Barcelona,53507.0,67,5,10701.4
421,2023-01-23,CAUSAS NATURALES/TEMPESTAD CICLÓNICA ATÍPICA,Barcelona,3090.0,1,1,3090.0
422,2023-10-20,CAUSAS NATURALES/TEMPESTAD CICLÓNICA ATÍPICA,Barcelona,816.0,1,1,816.0
423,2023-10-24,CAUSAS NATURALES/TEMPESTAD CICLÓNICA ATÍPICA,Barcelona,57.0,1,1,57.0
428,2023-11-05,CAUSAS NATURALES/TEMPESTAD CICLÓNICA ATÍPICA,Barcelona,592618.0,666,5,118523.6
430,2023-11-22,CAUSAS NATURALES/TEMPESTAD CICLÓNICA ATÍPICA,Barcelona,3131.0,3,2,1565.5
431,2023-11-24,CAUSAS NATURALES/TEMPESTAD CICLÓNICA ATÍPICA,Barcelona,372.0,1,1,372.0
432,2023-08-03,CAUSAS NATURALES/EMBATE DE MAR,Bizkaia,7656.0,1,1,7656.0
435,2023-01-17,CAUSAS NATURALES/INUNDACIÓN EXTRAORDINARIA,Bizkaia,203437.0,60,3,67812.33333333333
436,2023-05-15,CAUSAS NATURALES/INUNDACIÓN EXTRAORDINARIA,Bizkaia,4663.0,1,1,4663.0
437,2023-06-08,CAUSAS NATURALES/INUNDACIÓN EXTRAORDINARIA,Bizkaia,493.0,1,1,493.0
438,2023-06-12,CAUSAS NATURALES/INUNDACIÓN EXTRAORDINARIA,Bizkaia,8067.0,6,1,8067.0
442,2023-06-20,CAUSAS NATURALES/INUNDACIÓN EXTRAORDINARIA,Bizkaia,166655.0,59,4,41663.75
443,2023-08-27,CAUSAS NATURALES/INUNDACIÓN EXTRAORDINARIA,Bizkaia,6691.0,1,1,6691.0
444,2023-09-03,CAUSAS NATURALES/INUNDACIÓN EXTRAORDINARIA,Bizkaia,380.0,1,1,380.0
448,2023-09-12,CAUSAS NATURALES/INUNDACIÓN EXTRAORDINARIA,Bizkaia,324850.0,72,4,81212.5
449,2023-09-16,CAUSAS NATURALES/INUNDACIÓN EXTRAORDINARIA,Bizkaia,679703.0,80,1,679703.0
450,2023-09-22,CAUSAS NATURALES/INUNDACIÓN EXTRAORDINARIA,Bizkaia,3053.0,1,1,3053.0
451,2023-10-10,CAUSAS NATURALES/INUNDACIÓN EXTRAORDINARIA,Bizkaia,6528.0,1,1,6528.0
452,2023-10-27,CAUSAS NATURALES/INUNDACIÓN EXTRAORDINARIA,Bizkaia,3982.0,1,1,3982.0
453,2023-11-02,CAUSAS NATURALES/INUNDACIÓN EXTRAORDINARIA,Bizkaia,121.0,1,1,121.0
454,2023-01-01,CAUSAS NATURALES/TEMPESTAD CICLÓNICA ATÍPICA,Bizkaia,649.0,1,1,649.0
456,2023-01-08,CAUSAS NATURALES/TEMPESTAD CICLÓNICA ATÍPICA,Bizkaia,30858.0,42,2,15429.0
466,2023-01-23,CAUSAS NATURALES/TEMPESTAD CICLÓNICA ATÍPICA,Bizkaia,294264.0,247,10,29426.4
471,2023-10-21,CAUSAS NATURALES/TEMPESTAD CICLÓNICA ATÍPICA,Bizkaia,17081.0,29,5,3416.2
473,2023-10-24,CAUSAS NATURALES/TEMPESTAD CICLÓNICA ATÍPICA,Bizkaia,4698.0,7,2,2349.0
478,2023-11-05,CAUSAS NATURALES/TEMPESTAD CICLÓNICA ATÍPICA,Bizkaia,2106383.0,2060,5,421276.6
479,2023-12-07,CAUSAS NATURALES/TEMPESTAD CICLÓNICA ATÍPICA,Bizkaia,6920.0,7,1,6920.0
480,2023-12-27,CAUSAS NATURALES/TEMPESTAD CICLÓNICA ATÍPICA,Bizkaia,149.0,1,1,149.0
481,2023-12-30,CAUSAS NATURALES/TEMPESTAD CICLÓNICA ATÍPICA,Bizkaia,236.0,1,1,236.0
482,2023-01-27,CAUSAS NATURALES/INUNDACIÓN EXTRAORDINARIA,Burgos,111.0,1,1,111.0
483,2023-03-08,CAUSAS NATURALES/INUNDACIÓN EXTRAORDINARIA,Burgos,4309.0,1,1,4309.0
485,2023-04-29,CAUSAS NATURALES/INUNDACIÓN EXTRAORDINARIA,Burgos,6246.0,4,2,3123.0
494,2023-06-05,CAUSAS NATURALES/INUNDACIÓN EXTRAORDINARIA,Burgos,98796.0,36,9,10977.333333333334
495,2023-06-08,CAUSAS NATURALES/INUNDACIÓN EXTRAORDINARIA,Burgos,416.0,1,1,416.0
498,2023-06-13,CAUSAS NATURALES/INUNDACIÓN EXTRAORDINARIA,Burgos,569759.0,46,3,189919.66666666666
499,2023-06-15,CAUSAS NATURALES/INUNDACIÓN EXTRAORDINARIA,Burgos,818.0,1,1,818.0
504,2023-06-21,CAUSAS NATURALES/INUNDACIÓN EXTRAORDINARIA,Burgos,97029.0,37,5,19405.8
505,2023-06-23,CAUSAS NATURALES/INUNDACIÓN EXTRAORDINARIA,Burgos,1335.0,2,1,1335.0
506,2023-06-25,CAUSAS NATURALES/INUNDACIÓN EXTRAORDINARIA,Burgos,782.0,1,1,782.0
507,2023-07-07,CAUSAS NATURALES/INUNDACIÓN EXTRAORDINARIA,Burgos,567.0,1,1,567.0
508,2023-07-12,CAUSAS NATURALES/INUNDACIÓN EXTRAORDINARIA,Burgos,288.0,2,1,288.0
509,2023-09-07,CAUSAS NATURALES/INUNDACIÓN EXTRAORDINARIA,Burgos,552.0,1,1,552.0
513,2023-09-13,CAUSAS NATURALES/INUNDACIÓN EXTRAORDINARIA,Burgos,10773.0,9,4,2693.25
514,2023-09-15,CAUSAS NATURALES/INUNDACIÓN EXTRAORDINARIA,Burgos,2505.0,1,1,2505.0
515,2023-10-29,CAUSAS NATURALES/INUNDACIÓN EXTRAORDINARIA,Burgos,1457.0,1,1,1457.0
516,2023-11-06,CAUSAS NATURALES/INUNDACIÓN EXTRAORDINARIA,Burgos,5011.0,1,1,5011.0
517,2023-01-01,CAUSAS NATURALES/TEMPESTAD CICLÓNICA ATÍPICA,Burgos,11862.0,8,1,11862.0
524,2023-01-20,CAUSAS NATURALES/TEMPESTAD CICLÓNICA ATÍPICA,Burgos,33821.0,44,7,4831.571428571428
526,2023-01-23,CAUSAS NATURALES/TEMPESTAD CICLÓNICA ATÍPICA,Burgos,1772.0,6,2,886.0
530,2023-10-20,CAUSAS NATURALES/TEMPESTAD CICLÓNICA ATÍPICA,Burgos,37655.0,43,4,9413.75
532,2023-10-24,CAUSAS NATURALES/TEMPESTAD CICLÓNICA ATÍPICA,Burgos,469.0,3,2,234.5
541,2023-11-05,CAUSAS NATURALES/TEMPESTAD CICLÓNICA ATÍPICA,Burgos,478381.0,580,9,53153.444444444445
542,2023-01-13,CAUSAS NATURALES/INUNDACIÓN EXTRAORDINARIA,Caceres,380.0,1,1,380.0
544,2023-01-20,CAUSAS NATURALES/INUNDACIÓN EXTRAORDINARIA,Caceres,19590.0,4,2,9795.0
545,2023-03-25,CAUSAS NATURALES/INUNDACIÓN EXTRAORDINARIA,Caceres,4824.0,1,1,4824.0
546,2023-05-23,CAUSAS NATURALES/INUNDACIÓN EXTRAORDINARIA,Caceres,546.0,1,1,546.0
548,2023-05-27,CAUSAS NATURALES/INUNDACIÓN EXTRAORDINARIA,Caceres,16073.0,8,2,8036.5
550,2023-06-03,CAUSAS NATURALES/INUNDACIÓN EXTRAORDINARIA,Caceres,10341.0,6,2,5170.5
551,2023-06-05,CAUSAS NATURALES/INUNDACIÓN EXTRAORDINARIA,Caceres,8874.0,3,1,8874.0
553,2023-06-09,CAUSAS NATURALES/INUNDACIÓN EXTRAORDINARIA,Caceres,28868.0,8,2,14434.0
554,2023-06-23,CAUSAS NATURALES/INUNDACIÓN EXTRAORDINARIA,Caceres,4049.0,1,1,4049.0
555,2023-06-30,CAUSAS NATURALES/INUNDACIÓN EXTRAORDINARIA,Caceres,902.0,1,1,902.0
557,2023-09-03,CAUSAS NATURALES/INUNDACIÓN EXTRAORDINARIA,Caceres,76450.0,15,2,38225.0
560,2023-09-16,CAUSAS NATURALES/INUNDACIÓN EXTRAORDINARIA,Caceres,56371.0,11,3,18790.333333333332
562,2023-10-20,CAUSAS NATURALES/INUNDACIÓN EXTRAORDINARIA,Caceres,328257.0,35,2,164128.5
563,2023-10-22,CAUSAS NATURALES/INUNDACIÓN EXTRAORDINARIA,Caceres,18140.0,1,1,18140.0
564,2023-10-29,CAUSAS NATURALES/INUNDACIÓN EXTRAORDINARIA,Caceres,17705.0,2,1,17705.0
565,2023-11-19,CAUSAS NATURALES/INUNDACIÓN EXTRAORDINARIA,Caceres,1090.0,1,1,1090.0
567,2023-12-01,CAUSAS NATURALES/INUNDACIÓN EXTRAORDINARIA,Caceres,83578.0,17,2,41789.0
571,2023-10-20,CAUSAS NATURALES/TEMPESTAD CICLÓNICA ATÍPICA,Caceres,2378.0,7,4,594.5
575,2023-11-04,CAUSAS NATURALES/TEMPESTAD CICLÓNICA ATÍPICA,Caceres,5666.0,10,4,1416.5
576,2023-02-10,CAUSAS NATURALES/EMBATE DE MAR,Cadiz,10584.0,2,1,10584.0
577,2023-02-14,CAUSAS NATURALES/EMBATE DE MAR,Cadiz,5540.0,3,1,5540.0
578,2023-02-18,CAUSAS NATURALES/EMBATE DE MAR,Cadiz,7363.0,2,1,7363.0
579,2023-10-22,CAUSAS NATURALES/EMBATE DE MAR,Cadiz,8088.0,1,1,8088.0
582,2023-01-03,CAUSAS NATURALES/INUNDACIÓN EXTRAORDINARIA,Cadiz,438345.0,99,3,146115.0
583,2023-01-09,CAUSAS NATURALES/INUNDACIÓN EXTRAORDINARIA,Cadiz,2867.0,1,1,2867.0
584,2023-01-30,CAUSAS NATURALES/INUNDACIÓN EXTRAORDINARIA,Cadiz,4493.0,2,1,4493.0
586,2023-02-08,CAUSAS NATURALES/INUNDACIÓN EXTRAORDINARIA,Cadiz,137587.0,56,2,68793.5
587,2023-02-14,CAUSAS NATURALES/INUNDACIÓN EXTRAORDINARIA,Cadiz,1830.0,1,1,1830.0
588,2023-05-18,CAUSAS NATURALES/INUNDACIÓN EXTRAORDINARIA,Cadiz,6975.0,2,1,6975.0
589,2023-05-23,CAUSAS NATURALES/INUNDACIÓN EXTRAORDINARIA,Cadiz,1475.0,1,1,1475.0
591,2023-09-03,CAUSAS NATURALES/INUNDACIÓN EXTRAORDINARIA,Cadiz,343876.0,46,2,171938.0
592,2023-09-06,CAUSAS NATURALES/INUNDACIÓN EXTRAORDINARIA,Cadiz,2102.0,1,1,2102.0
593,2023-10-17,CAUSAS NATURALES/INUNDACIÓN EXTRAORDINARIA,Cadiz,32094.0,15,1,32094.0
595,2023-10-20,CAUSAS NATURALES/INUNDACIÓN EXTRAORDINARIA,Cadiz,82002.0,21,2,41001.0
597,2023-10-23,CAUSAS NATURALES/INUNDACIÓN EXTRAORDINARIA,Cadiz,42318.0,6,2,21159.0
598,2023-01-02,CAUSAS NATURALES/TEMPESTAD CICLÓNICA ATÍPICA,Cadiz,1389.0,1,1,1389.0
606,2023-10-24,CAUSAS NATURALES/TEMPESTAD CICLÓNICA ATÍPICA,Cadiz,4969237.0,5323,8,621154.625
607,2023-09-30,CAUSAS NATURALES/EMBATE DE MAR,Cantabria,2847.0,2,1,2847.0
608,2023-01-09,CAUSAS NATURALES/INUNDACIÓN EXTRAORDINARIA,Cantabria,3287.0,2,1,3287.0
616,2023-01-21,CAUSAS NATURALES/INUNDACIÓN EXTRAORDINARIA,Cantabria,2532662.0,755,8,316582.75
617,2023-01-23,CAUSAS NATURALES/INUNDACIÓN EXTRAORDINARIA,Cantabria,8064.0,2,1,8064.0
618,2023-01-28,CAUSAS NATURALES/INUNDACIÓN EXTRAORDINARIA,Cantabria,190.0,1,1,190.0
619,2023-02-02,CAUSAS NATURALES/INUNDACIÓN EXTRAORDINARIA,Cantabria,3919.0,1,1,3919.0
620,2023-02-07,CAUSAS NATURALES/INUNDACIÓN EXTRAORDINARIA,Cantabria,1263.0,1,1,1263.0
621,2023-02-15,CAUSAS NATURALES/INUNDACIÓN EXTRAORDINARIA,Cantabria,192.0,1,1,192.0
622,2023-05-14,CAUSAS NATURALES/INUNDACIÓN EXTRAORDINARIA,Cantabria,120.0,1,1,120.0
623,2023-05-20,CAUSAS NATURALES/INUNDACIÓN EXTRAORDINARIA,Cantabria,37717.0,22,1,37717.0
624,2023-05-25,CAUSAS NATURALES/INUNDACIÓN EXTRAORDINARIA,Cantabria,2027.0,1,1,2027.0
625,2023-05-27,CAUSAS NATURALES/INUNDACIÓN EXTRAORDINARIA,Cantabria,110.0,1,1,110.0
626,2023-05-31,CAUSAS NATURALES/INUNDACIÓN EXTRAORDINARIA,Cantabria,853.0,1,1,853.0
627,2023-06-05,CAUSAS NATURALES/INUNDACIÓN EXTRAORDINARIA,Cantabria,3406.0,1,1,3406.0
630,2023-06-09,CAUSAS NATURALES/INUNDACIÓN EXTRAORDINARIA,Cantabria,33567.0,15,3,11189.0
633,2023-06-14,CAUSAS NATURALES/INUNDACIÓN EXTRAORDINARIA,Cantabria,34745.0,18,3,11581.666666666666
634,2023-06-20,CAUSAS NATURALES/INUNDACIÓN EXTRAORDINARIA,Cantabria,600.0,1,1,600.0
636,2023-09-03,CAUSAS NATURALES/INUNDACIÓN EXTRAORDINARIA,Cantabria,7883.0,2,2,3941.5
637,2023-09-07,CAUSAS NATURALES/INUNDACIÓN EXTRAORDINARIA,Cantabria,4018.0,1,1,4018.0
640,2023-09-12,CAUSAS NATURALES/INUNDACIÓN EXTRAORDINARIA,Cantabria,400702.0,113,3,133567.33333333334
641,2023-09-15,CAUSAS NATURALES/INUNDACIÓN EXTRAORDINARIA,Cantabria,844.0,1,1,844.0
643,2023-09-30,CAUSAS NATURALES/INUNDACIÓN EXTRAORDINARIA,Cantabria,2423.0,2,2,1211.5
645,2023-10-28,CAUSAS NATURALES/INUNDACIÓN EXTRAORDINARIA,Cantabria,7948.0,3,2,3974.0
646,2023-11-09,CAUSAS NATURALES/INUNDACIÓN EXTRAORDINARIA,Cantabria,4014.0,1,1,4014.0
647,2023-11-28,CAUSAS NATURALES/INUNDACIÓN EXTRAORDINARIA,Cantabria,6982.0,1,1,6982.0
648,2023-11-30,CAUSAS NATURALES/INUNDACIÓN EXTRAORDINARIA,Cantabria,776.0,1,1,776.0
649,2023-12-21,CAUSAS NATURALES/INUNDACIÓN EXTRAORDINARIA,Cantabria,0.0,1,1,0.0
650,2023-01-01,CAUSAS NATURALES/TEMPESTAD CICLÓNICA ATÍPICA,Cantabria,24516.0,32,1,24516.0
651,2023-01-07,CAUSAS NATURALES/TEMPESTAD CICLÓNICA ATÍPICA,Cantabria,3763.0,8,1,3763.0
661,2023-01-23,CAUSAS NATURALES/TEMPESTAD CICLÓNICA ATÍPICA,Cantabria,1055017.0,1639,10,105501.7
669,2023-10-24,CAUSAS NATURALES/TEMPESTAD CICLÓNICA ATÍPICA,Cantabria,253554.0,490,8,31694.25
670,2023-10-28,CAUSAS NATURALES/TEMPESTAD CICLÓNICA ATÍPICA,Cantabria,2616.0,5,1,2616.0
676,2023-11-05,CAUSAS NATURALES/TEMPESTAD CICLÓNICA ATÍPICA,Cantabria,1117113.0,1832,6,186185.5
677,2023-12-03,CAUSAS NATURALES/TEMPESTAD CICLÓNICA ATÍPICA,Cantabria,1892.0,1,1,1892.0
678,2023-12-30,CAUSAS NATURALES/TEMPESTAD CICLÓNICA ATÍPICA,Cantabria,85.0,1,1,85.0
679,2023-02-07,CAUSAS NATURALES/EMBATE DE MAR,Castellon/Castello,2768.0,1,1,2768.0
680,2023-09-03,CAUSAS NATURALES/EMBATE DE MAR,Castellon/Castello,833.0,1,1,833.0
681,2023-01-13,CAUSAS NATURALES/INUNDACIÓN EXTRAORDINARIA,Castellon/Castello,1642.0,1,1,1642.0
682,2023-02-08,CAUSAS NATURALES/INUNDACIÓN EXTRAORDINARIA,Castellon/Castello,11272.0,1,1,11272.0
683,2023-05-19,CAUSAS NATURALES/INUNDACIÓN EXTRAORDINARIA,Castellon/Castello,6186.0,5,1,6186.0
688,2023-05-27,CAUSAS NATURALES/INUNDACIÓN EXTRAORDINARIA,Castellon/Castello,4209965.0,1053,5,841993.0
689,2023-06-04,CAUSAS NATURALES/INUNDACIÓN EXTRAORDINARIA,Castellon/Castello,4590.0,1,1,4590.0
690,2023-08-26,CAUSAS NATURALES/INUNDACIÓN EXTRAORDINARIA,Castellon/Castello,14104.0,3,1,14104.0
694,2023-09-04,CAUSAS NATURALES/INUNDACIÓN EXTRAORDINARIA,Castellon/Castello,505686.0,140,4,126421.5
695,2023-09-07,CAUSAS NATURALES/INUNDACIÓN EXTRAORDINARIA,Castellon/Castello,3345.0,1,1,3345.0
697,2023-09-13,CAUSAS NATURALES/INUNDACIÓN EXTRAORDINARIA,Castellon/Castello,1737279.0,169,2,868639.5
698,2023-09-15,CAUSAS NATURALES/INUNDACIÓN EXTRAORDINARIA,Castellon/Castello,66970.0,20,1,66970.0
699,2023-09-17,CAUSAS NATURALES/INUNDACIÓN EXTRAORDINARIA,Castellon/Castello,3615.0,2,1,3615.0
700,2023-09-19,CAUSAS NATURALES/INUNDACIÓN EXTRAORDINARIA,Castellon/Castello,30202.0,13,1,30202.0
707,2023-01-22,CAUSAS NATURALES/TEMPESTAD CICLÓNICA ATÍPICA,Castellon/Castello,60361.0,42,7,8623.0
708,2023-09-12,CAUSAS NATURALES/TEMPESTAD CICLÓNICA ATÍPICA,Castellon/Castello,1869828.0,781,1,1869828.0
713,2023-11-05,CAUSAS NATURALES/TEMPESTAD CICLÓNICA ATÍPICA,Castellon/Castello,257560.0,419,5,51512.0
714,2023-10-19,CAUSAS NATURALES/INUNDACIÓN EXTRAORDINARIA,Ceuta,4125.0,1,1,4125.0
715,2023-01-11,CAUSAS NATURALES/INUNDACIÓN EXTRAORDINARIA,Ciudad Real,818.0,1,1,818.0
719,2023-05-29,CAUSAS NATURALES/INUNDACIÓN EXTRAORDINARIA,Ciudad Real,41922.0,22,4,10480.5
724,2023-06-05,CAUSAS NATURALES/INUNDACIÓN EXTRAORDINARIA,Ciudad Real,60202.0,36,5,12040.4
725,2023-06-21,CAUSAS NATURALES/INUNDACIÓN EXTRAORDINARIA,Ciudad Real,1631.0,3,1,1631.0
732,2023-09-07,CAUSAS NATURALES/INUNDACIÓN EXTRAORDINARIA,Ciudad Real,831294.0,354,7,118756.28571428571
733,2023-09-10,CAUSAS NATURALES/INUNDACIÓN EXTRAORDINARIA,Ciudad Real,1770.0,1,1,1770.0
738,2023-09-16,CAUSAS NATURALES/INUNDACIÓN EXTRAORDINARIA,Ciudad Real,87090.0,35,5,17418.0
739,2023-09-30,CAUSAS NATURALES/INUNDACIÓN EXTRAORDINARIA,Ciudad Real,5214.0,1,1,5214.0
740,2023-10-19,CAUSAS NATURALES/INUNDACIÓN EXTRAORDINARIA,Ciudad Real,459.0,1,1,459.0
741,2023-09-03,CAUSAS NATURALES/TEMPESTAD CICLÓNICA ATÍPICA,Ciudad Real,555991.0,29,1,555991.0
742,2023-01-25,CAUSAS NATURALES/INUNDACIÓN EXTRAORDINARIA,Cordoba,932.0,1,1,932.0
744,2023-05-29,CAUSAS NATURALES/INUNDACIÓN EXTRAORDINARIA,Cordoba,19893.0,5,2,9946.5
748,2023-06-05,CAUSAS NATURALES/INUNDACIÓN EXTRAORDINARIA,Cordoba,456694.0,18,4,114173.5
749,2023-06-16,CAUSAS NATURALES/INUNDACIÓN EXTRAORDINARIA,Cordoba,2197.0,2,1,2197.0
750,2023-09-05,CAUSAS NATURALES/INUNDACIÓN EXTRAORDINARIA,Cordoba,248.0,1,1,248.0
753,2023-09-16,CAUSAS NATURALES/INUNDACIÓN EXTRAORDINARIA,Cordoba,56019.0,13,3,18673.0
755,2023-10-20,CAUSAS NATURALES/INUNDACIÓN EXTRAORDINARIA,Cordoba,28159.0,12,2,14079.5
756,2023-10-22,CAUSAS NATURALES/INUNDACIÓN EXTRAORDINARIA,Cordoba,7958.0,3,1,7958.0
764,2023-10-24,CAUSAS NATURALES/TEMPESTAD CICLÓNICA ATÍPICA,Cordoba,8978313.0,8112,8,1122289.125
765,2023-10-28,CAUSAS NATURALES/EMBATE DE MAR,"Coruna, A",3867.0,1,1,3867.0
766,2023-01-01,CAUSAS NATURALES/INUNDACIÓN EXTRAORDINARIA,"Coruna, A",630.0,1,1,630.0
768,2023-01-07,CAUSAS NATURALES/INUNDACIÓN EXTRAORDINARIA,"Coruna, A",63003.0,27,2,31501.5
769,2023-01-09,CAUSAS NATURALES/INUNDACIÓN EXTRAORDINARIA,"Coruna, A",3960.0,1,1,3960.0
770,2023-01-14,CAUSAS NATURALES/INUNDACIÓN EXTRAORDINARIA,"Coruna, A",5141.0,1,1,5141.0
775,2023-01-20,CAUSAS NATURALES/INUNDACIÓN EXTRAORDINARIA,"Coruna, A",174008.0,31,5,34801.6
776,2023-01-24,CAUSAS NATURALES/INUNDACIÓN EXTRAORDINARIA,"Coruna, A",2471.0,1,1,2471.0
777,2023-01-31,CAUSAS NATURALES/INUNDACIÓN EXTRAORDINARIA,"Coruna, A",2662.0,1,1,2662.0
778,2023-02-13,CAUSAS NATURALES/INUNDACIÓN EXTRAORDINARIA,"Coruna, A",594.0,1,1,594.0
779,2023-02-17,CAUSAS NATURALES/INUNDACIÓN EXTRAORDINARIA,"Coruna, A",2050.0,1,1,2050.0
780,2023-02-25,CAUSAS NATURALES/INUNDACIÓN EXTRAORDINARIA,"Coruna, A",2396.0,1,1,2396.0
781,2023-03-13,CAUSAS NATURALES/INUNDACIÓN EXTRAORDINARIA,"Coruna, A",1059.0,1,1,1059.0
782,2023-04-06,CAUSAS NATURALES/INUNDACIÓN EXTRAORDINARIA,"Coruna, A",510.0,1,1,510.0
783,2023-04-29,CAUSAS NATURALES/INUNDACIÓN EXTRAORDINARIA,"Coruna, A",760.0,1,1,760.0
784,2023-05-06,CAUSAS NATURALES/INUNDACIÓN EXTRAORDINARIA,"Coruna, A",1360.0,1,1,1360.0
785,2023-05-28,CAUSAS NATURALES/INUNDACIÓN EXTRAORDINARIA,"Coruna, A",33742.0,11,1,33742.0
786,2023-05-30,CAUSAS NATURALES/INUNDACIÓN EXTRAORDINARIA,"Coruna, A",630.0,1,1,630.0
789,2023-06-04,CAUSAS NATURALES/INUNDACIÓN EXTRAORDINARIA,"Coruna, A",53983.0,13,3,17994.333333333332
793,2023-06-09,CAUSAS NATURALES/INUNDACIÓN EXTRAORDINARIA,"Coruna, A",42574.0,15,4,10643.5
794,2023-06-12,CAUSAS NATURALES/INUNDACIÓN EXTRAORDINARIA,"Coruna, A",14026.0,6,1,14026.0
795,2023-06-14,CAUSAS NATURALES/INUNDACIÓN EXTRAORDINARIA,"Coruna, A",398.0,1,1,398.0
796,2023-09-01,CAUSAS NATURALES/INUNDACIÓN EXTRAORDINARIA,"Coruna, A",5730.0,2,1,5730.0
799,2023-09-10,CAUSAS NATURALES/INUNDACIÓN EXTRAORDINARIA,"Coruna, A",82303.0,20,3,27434.333333333332
800,2023-09-13,CAUSAS NATURALES/INUNDACIÓN EXTRAORDINARIA,"Coruna, A",20891.0,2,1,20891.0
801,2023-09-18,CAUSAS NATURALES/INUNDACIÓN EXTRAORDINARIA,"Coruna, A",26913.0,1,1,26913.0
802,2023-09-20,CAUSAS NATURALES/INUNDACIÓN EXTRAORDINARIA,"Coruna, A",13206.0,4,1,13206.0
803,2023-09-28,CAUSAS NATURALES/INUNDACIÓN EXTRAORDINARIA,"Coruna, A",720.0,1,1,720.0
804,2023-10-13,CAUSAS NATURALES/INUNDACIÓN EXTRAORDINARIA,"Coruna, A",4339.0,4,1,4339.0
805,2023-10-15,CAUSAS NATURALES/INUNDACIÓN EXTRAORDINARIA,"Coruna, A",40.0,1,1,40.0
809,2023-10-20,CAUSAS NATURALES/INUNDACIÓN EXTRAORDINARIA,"Coruna, A",199758.0,68,4,49939.5
814,2023-10-29,CAUSAS NATURALES/INUNDACIÓN EXTRAORDINARIA,"Coruna, A",206401.0,46,5,41280.2
822,2023-11-07,CAUSAS NATURALES/INUNDACIÓN EXTRAORDINARIA,"Coruna, A",109953.0,30,8,13744.125
823,2023-11-09,CAUSAS NATURALES/INUNDACIÓN EXTRAORDINARIA,"Coruna, A",3655.0,3,1,3655.0
827,2023-11-15,CAUSAS NATURALES/INUNDACIÓN EXTRAORDINARIA,"Coruna, A",735753.0,121,4,183938.25
829,2023-11-20,CAUSAS NATURALES/INUNDACIÓN EXTRAORDINARIA,"Coruna, A",3360.0,2,2,1680.0
831,2023-12-04,CAUSAS NATURALES/INUNDACIÓN EXTRAORDINARIA,"Coruna, A",17008.0,4,2,8504.0
832,2023-12-18,CAUSAS NATURALES/INUNDACIÓN EXTRAORDINARIA,"Coruna, A",1304.0,1,1,1304.0
833,2023-12-30,CAUSAS NATURALES/INUNDACIÓN EXTRAORDINARIA,"Coruna, A",1771.0,2,1,1771.0
834,2023-01-01,CAUSAS NATURALES/TEMPESTAD CICLÓNICA ATÍPICA,"Coruna, A",12462.0,10,1,12462.0
835,2023-01-09,CAUSAS NATURALES/TEMPESTAD CICLÓNICA ATÍPICA,"Coruna, A",388.0,1,1,388.0
845,2023-01-23,CAUSAS NATURALES/TEMPESTAD CICLÓNICA ATÍPICA,"Coruna, A",303016.0,302,10,30301.6
847,2023-03-14,CAUSAS NATURALES/TEMPESTAD CICLÓNICA ATÍPICA,"Coruna, A",1643.0,6,2,821.5
848,2023-03-27,CAUSAS NATURALES/TEMPESTAD CICLÓNICA ATÍPICA,"Coruna, A",46.0,1,1,46.0
849,2023-03-30,CAUSAS NATURALES/TEMPESTAD CICLÓNICA ATÍPICA,"Coruna, A",1475.0,4,1,1475.0
850,2023-06-18,CAUSAS NATURALES/TEMPESTAD CICLÓNICA ATÍPICA,"Coruna, A",8989.0,1,1,8989.0
851,2023-10-13,CAUSAS NATURALES/TEMPESTAD CICLÓNICA ATÍPICA,"Coruna, A",4442.0,2,1,4442.0
859,2023-10-24,CAUSAS NATURALES/TEMPESTAD CICLÓNICA ATÍPICA,"Coruna, A",161567.0,170,8,20195.875
861,2023-10-30,CAUSAS NATURALES/TEMPESTAD CICLÓNICA ATÍPICA,"Coruna, A",14619.0,7,2,7309.5
866,2023-11-05,CAUSAS NATURALES/TEMPESTAD CICLÓNICA ATÍPICA,"Coruna, A",1514909.0,2128,5,302981.8
867,2023-12-03,CAUSAS NATURALES/TEMPESTAD CICLÓNICA ATÍPICA,"Coruna, A",1141.0,1,1,1141.0
868,2023-12-08,CAUSAS NATURALES/TEMPESTAD CICLÓNICA ATÍPICA,"Coruna, A",182.0,1,1,182.0
871,2023-05-30,CAUSAS NATURALES/INUNDACIÓN EXTRAORDINARIA,Cuenca,118790.0,29,3,39596.666666666664
874,2023-06-05,CAUSAS NATURALES/INUNDACIÓN EXTRAORDINARIA,Cuenca,12000.0,7,3,4000.0
878,2023-06-11,CAUSAS NATURALES/INUNDACIÓN EXTRAORDINARIA,Cuenca,273585.0,86,4,68396.25
879,2023-06-13,CAUSAS NATURALES/INUNDACIÓN EXTRAORDINARIA,Cuenca,995.0,1,1,995.0
880,2023-06-20,CAUSAS NATURALES/INUNDACIÓN EXTRAORDINARIA,Cuenca,2569.0,1,1,2569.0
881,2023-07-02,CAUSAS NATURALES/INUNDACIÓN EXTRAORDINARIA,Cuenca,5374.0,1,1,5374.0
882,2023-07-05,CAUSAS NATURALES/INUNDACIÓN EXTRAORDINARIA,Cuenca,1038.0,1,1,1038.0
883,2023-08-19,CAUSAS NATURALES/INUNDACIÓN EXTRAORDINARIA,Cuenca,785.0,1,1,785.0
889,2023-09-06,CAUSAS NATURALES/INUNDACIÓN EXTRAORDINARIA,Cuenca,2967331.0,341,6,494555.1666666667
896,2023-09-17,CAUSAS NATURALES/INUNDACIÓN EXTRAORDINARIA,Cuenca,42508.0,19,7,6072.571428571428
898,2023-09-20,CAUSAS NATURALES/INUNDACIÓN EXTRAORDINARIA,Cuenca,3551954.0,273,2,1775977.0
899,2023-10-19,CAUSAS NATURALES/INUNDACIÓN EXTRAORDINARIA,Cuenca,7380.0,1,1,7380.0
901,2023-10-23,CAUSAS NATURALES/TEMPESTAD CICLÓNICA ATÍPICA,Desconocido,35038.0,25,2,17519.0
903,2023-08-03,CAUSAS NATURALES/EMBATE DE MAR,Gipuzkoa,20685.0,3,2,10342.5
904,2023-05-20,CAUSAS NATURALES/INUNDACIÓN EXTRAORDINARIA,Gipuzkoa,288667.0,23,1,288667.0
905,2023-06-12,CAUSAS NATURALES/INUNDACIÓN EXTRAORDINARIA,Gipuzkoa,8809.0,1,1,8809.0
907,2023-06-18,CAUSAS NATURALES/INUNDACIÓN EXTRAORDINARIA,Gipuzkoa,75622.0,26,2,37811.0
909,2023-06-21,CAUSAS NATURALES/INUNDACIÓN EXTRAORDINARIA,Gipuzkoa,18180.0,7,2,9090.0
913,2023-09-04,CAUSAS NATURALES/INUNDACIÓN EXTRAORDINARIA,Gipuzkoa,58795.0,16,4,14698.75
915,2023-09-12,CAUSAS NATURALES/INUNDACIÓN EXTRAORDINARIA,Gipuzkoa,23067.0,9,2,11533.5
917,2023-10-27,CAUSAS NATURALES/INUNDACIÓN EXTRAORDINARIA,Gipuzkoa,15079.0,2,2,7539.5
918,2023-10-29,CAUSAS NATURALES/INUNDACIÓN EXTRAORDINARIA,Gipuzkoa,3422.0,1,1,3422.0
925,2023-01-20,CAUSAS NATURALES/TEMPESTAD CICLÓNICA ATÍPICA,Gipuzkoa,657807.0,532,7,93972.42857142857
927,2023-01-23,CAUSAS NATURALES/TEMPESTAD CICLÓNICA ATÍPICA,Gipuzkoa,1344.0,8,2,672.0
930,2023-10-19,CAUSAS NATURALES/TEMPESTAD CICLÓNICA ATÍPICA,Gipuzkoa,7458.0,6,3,2486.0
932,2023-10-22,CAUSAS NATURALES/TEMPESTAD CICLÓNICA ATÍPICA,Gipuzkoa,463.0,2,2,231.5
937,2023-11-05,CAUSAS NATURALES/TEMPESTAD CICLÓNICA ATÍPICA,Gipuzkoa,1095198.0,942,5,219039.6
938,2023-01-17,CAUSAS NATURALES/EMBATE DE MAR,Girona,6361.0,1,1,6361.0
939,2023-02-07,CAUSAS NATURALES/EMBATE DE MAR,Girona,424.0,1,1,424.0
940,2023-09-22,CAUSAS NATURALES/EMBATE DE MAR,Girona,4687.0,1,1,4687.0
942,2023-10-21,CAUSAS NATURALES/EMBATE DE MAR,Girona,7807.0,2,2,3903.5
943,2023-11-03,CAUSAS NATURALES/EMBATE DE MAR,Girona,5118.0,1,1,5118.0
944,2023-05-07,CAUSAS NATURALES/INUNDACIÓN EXTRAORDINARIA,Girona,4925.0,1,1,4925.0
946,2023-05-25,CAUSAS NATURALES/INUNDACIÓN EXTRAORDINARIA,Girona,22725.0,8,2,11362.5
950,2023-06-04,CAUSAS NATURALES/INUNDACIÓN EXTRAORDINARIA,Girona,5283.0,5,4,1320.75
951,2023-06-09,CAUSAS NATURALES/INUNDACIÓN EXTRAORDINARIA,Girona,6588.0,1,1,6588.0
952,2023-06-11,CAUSAS NATURALES/INUNDACIÓN EXTRAORDINARIA,Girona,9667.0,1,1,9667.0
953,2023-06-13,CAUSAS NATURALES/INUNDACIÓN EXTRAORDINARIA,Girona,87673.0,17,1,87673.0
954,2023-06-16,CAUSAS NATURALES/INUNDACIÓN EXTRAORDINARIA,Girona,3346.0,1,1,3346.0
955,2023-06-22,CAUSAS NATURALES/INUNDACIÓN EXTRAORDINARIA,Girona,3760.0,2,1,3760.0
956,2023-07-03,CAUSAS NATURALES/INUNDACIÓN EXTRAORDINARIA,Girona,30710.0,8,1,30710.0
957,2023-08-27,CAUSAS NATURALES/INUNDACIÓN EXTRAORDINARIA,Girona,10421.0,3,1,10421.0
959,2023-09-16,CAUSAS NATURALES/INUNDACIÓN EXTRAORDINARIA,Girona,311770.0,74,2,155885.0
960,2023-09-20,CAUSAS NATURALES/INUNDACIÓN EXTRAORDINARIA,Girona,5805.0,1,1,5805.0
961,2023-10-20,CAUSAS NATURALES/INUNDACIÓN EXTRAORDINARIA,Girona,59900.0,1,1,59900.0
962,2023-12-03,CAUSAS NATURALES/INUNDACIÓN EXTRAORDINARIA,Girona,17288.0,1,1,17288.0
967,2023-01-19,CAUSAS NATURALES/TEMPESTAD CICLÓNICA ATÍPICA,Girona,52497.0,65,5,10499.4
970,2023-01-23,CAUSAS NATURALES/TEMPESTAD CICLÓNICA ATÍPICA,Girona,18109.0,24,3,6036.333333333333
971,2023-04-23,CAUSAS NATURALES/TEMPESTAD CICLÓNICA ATÍPICA,Girona,1693.0,1,1,1693.0
972,2023-08-27,CAUSAS NATURALES/TEMPESTAD CICLÓNICA ATÍPICA,Girona,816.0,2,1,816.0
974,2023-10-20,CAUSAS NATURALES/TEMPESTAD CICLÓNICA ATÍPICA,Girona,2352.0,6,2,1176.0
979,2023-11-05,CAUSAS NATURALES/TEMPESTAD CICLÓNICA ATÍPICA,Girona,46282.0,88,5,9256.4
981,2023-11-23,CAUSAS NATURALES/TEMPESTAD CICLÓNICA ATÍPICA,Girona,1698.0,3,2,849.0
982,2023-12-14,CAUSAS NATURALES/TEMPESTAD CICLÓNICA ATÍPICA,Girona,9537.0,3,1,9537.0
983,2023-05-01,CAUSAS NATURALES/INUNDACIÓN EXTRAORDINARIA,Granada,1137.0,1,1,1137.0
984,2023-05-07,CAUSAS NATURALES/INUNDACIÓN EXTRAORDINARIA,Granada,566.0,1,1,566.0
986,2023-05-19,CAUSAS NATURALES/INUNDACIÓN EXTRAORDINARIA,Granada,20913.0,14,2,10456.5
989,2023-05-23,CAUSAS NATURALES/INUNDACIÓN EXTRAORDINARIA,Granada,346763.0,5,3,115587.66666666667
1001,2023-06-05,CAUSAS NATURALES/INUNDACIÓN EXTRAORDINARIA,Granada,1283094.0,525,12,106924.5
1002,2023-06-08,CAUSAS NATURALES/INUNDACIÓN EXTRAORDINARIA,Granada,9715.0,5,1,9715.0
1004,2023-06-22,CAUSAS NATURALES/INUNDACIÓN EXTRAORDINARIA,Granada,30786.0,21,2,15393.0
1005,2023-08-28,CAUSAS NATURALES/INUNDACIÓN EXTRAORDINARIA,Granada,1834.0,1,1,1834.0
1007,2023-09-03,CAUSAS NATURALES/INUNDACIÓN EXTRAORDINARIA,Granada,21388.0,8,2,10694.0
1008,2023-09-14,CAUSAS NATURALES/INUNDACIÓN EXTRAORDINARIA,Granada,62498.0,17,1,62498.0
1011,2023-10-20,CAUSAS NATURALES/INUNDACIÓN EXTRAORDINARIA,Granada,49615.0,36,3,16538.333333333332
1013,2023-10-23,CAUSAS NATURALES/INUNDACIÓN EXTRAORDINARIA,Granada,4658.0,3,2,2329.0
1018,2023-01-18,CAUSAS NATURALES/TEMPESTAD CICLÓNICA ATÍPICA,Granada,10139.0,18,5,2027.8
1019,2023-01-23,CAUSAS NATURALES/TEMPESTAD CICLÓNICA ATÍPICA,Granada,57.0,1,1,57.0
1020,2023-09-03,CAUSAS NATURALES/TEMPESTAD CICLÓNICA ATÍPICA,Granada,61.0,1,1,61.0
1021,2023-09-06,CAUSAS NATURALES/TEMPESTAD CICLÓNICA ATÍPICA,Granada,1389.0,1,1,1389.0
1029,2023-10-24,CAUSAS NATURALES/TEMPESTAD CICLÓNICA ATÍPICA,Granada,1540308.0,2001,8,192538.5
1035,2023-11-05,CAUSAS NATURALES/TEMPESTAD CICLÓNICA ATÍPICA,Granada,265572.0,233,6,44262.0
1036,2023-12-08,CAUSAS NATURALES/TEMPESTAD CICLÓNICA ATÍPICA,Granada,351.0,1,1,351.0
1037,2023-01-09,CAUSAS NATURALES/INUNDACIÓN EXTRAORDINARIA,Guadalajara,168.0,1,1,168.0
1038,2023-03-09,CAUSAS NATURALES/INUNDACIÓN EXTRAORDINARIA,Guadalajara,6997.0,1,1,6997.0
1039,2023-05-24,CAUSAS NATURALES/INUNDACIÓN EXTRAORDINARIA,Guadalajara,4100.0,6,1,4100.0
1040,2023-05-26,CAUSAS NATURALES/INUNDACIÓN EXTRAORDINARIA,Guadalajara,968.0,1,1,968.0
1041,2023-05-28,CAUSAS NATURALES/INUNDACIÓN EXTRAORDINARIA,Guadalajara,481.0,1,1,481.0
1044,2023-06-01,CAUSAS NATURALES/INUNDACIÓN EXTRAORDINARIA,Guadalajara,78862.0,17,3,26287.333333333332
1045,2023-06-13,CAUSAS NATURALES/INUNDACIÓN EXTRAORDINARIA,Guadalajara,482.0,1,1,482.0
1046,2023-06-18,CAUSAS NATURALES/INUNDACIÓN EXTRAORDINARIA,Guadalajara,68080.0,8,1,68080.0
1047,2023-06-21,CAUSAS NATURALES/INUNDACIÓN EXTRAORDINARIA,Guadalajara,14986.0,5,1,14986.0
1048,2023-06-25,CAUSAS NATURALES/INUNDACIÓN EXTRAORDINARIA,Guadalajara,1945.0,1,1,1945.0
1052,2023-09-04,CAUSAS NATURALES/INUNDACIÓN EXTRAORDINARIA,Guadalajara,193010.0,84,4,48252.5
1056,2023-09-10,CAUSAS NATURALES/INUNDACIÓN EXTRAORDINARIA,Guadalajara,10038.0,6,4,2509.5
1063,2023-09-19,CAUSAS NATURALES/INUNDACIÓN EXTRAORDINARIA,Guadalajara,469871.0,164,7,67124.42857142857
1065,2023-10-20,CAUSAS NATURALES/INUNDACIÓN EXTRAORDINARIA,Guadalajara,210721.0,27,2,105360.5
1067,2023-10-23,CAUSAS NATURALES/INUNDACIÓN EXTRAORDINARIA,Guadalajara,7926.0,3,2,3963.0
1070,2023-12-02,CAUSAS NATURALES/INUNDACIÓN EXTRAORDINARIA,Guadalajara,80864.0,19,3,26954.666666666668
1071,2023-01-17,CAUSAS NATURALES/TEMPESTAD CICLÓNICA ATÍPICA,Guadalajara,270.0,1,1,270.0
1072,2023-11-02,CAUSAS NATURALES/TEMPESTAD CICLÓNICA ATÍPICA,Guadalajara,1332.0,3,1,1332.0
1073,2023-11-04,CAUSAS NATURALES/TEMPESTAD CICLÓNICA ATÍPICA,Guadalajara,1025.0,2,1,1025.0
1074,2023-04-19,CAUSAS NATURALES/EMBATE DE MAR,Huelva,413.0,1,1,413.0
1075,2023-09-30,CAUSAS NATURALES/EMBATE DE MAR,Huelva,150.0,1,1,150.0
1076,2023-10-22,CAUSAS NATURALES/EMBATE DE MAR,Huelva,40667.0,2,1,40667.0
1077,2023-05-23,CAUSAS NATURALES/INUNDACIÓN EXTRAORDINARIA,Huelva,1328.0,1,1,1328.0
1078,2023-09-15,CAUSAS NATURALES/INUNDACIÓN EXTRAORDINARIA,Huelva,814.0,1,1,814.0
1079,2023-09-20,CAUSAS NATURALES/INUNDACIÓN EXTRAORDINARIA,Huelva,1744.0,1,1,1744.0
1080,2023-10-16,CAUSAS NATURALES/INUNDACIÓN EXTRAORDINARIA,Huelva,6602.0,1,1,6602.0
1087,2023-10-24,CAUSAS NATURALES/INUNDACIÓN EXTRAORDINARIA,Huelva,3410456.0,812,7,487208.0
1089,2023-10-30,CAUSAS NATURALES/INUNDACIÓN EXTRAORDINARIA,Huelva,91388.0,28,2,45694.0
1090,2023-11-02,CAUSAS NATURALES/INUNDACIÓN EXTRAORDINARIA,Huelva,355.0,1,1,355.0
1091,2023-11-20,CAUSAS NATURALES/INUNDACIÓN EXTRAORDINARIA,Huelva,1276.0,1,1,1276.0
1093,2023-12-01,CAUSAS NATURALES/INUNDACIÓN EXTRAORDINARIA,Huelva,2359.0,3,2,1179.5
1101,2023-10-24,CAUSAS NATURALES/TEMPESTAD CICLÓNICA ATÍPICA,Huelva,2336790.0,838,8,292098.75
1102,2023-05-23,CAUSAS NATURALES/INUNDACIÓN EXTRAORDINARIA,Huesca,453.0,1,1,453.0
1104,2023-05-26,CAUSAS NATURALES/INUNDACIÓN EXTRAORDINARIA,Huesca,442426.0,20,2,221213.0
1105,2023-06-04,CAUSAS NATURALES/INUNDACIÓN EXTRAORDINARIA,Huesca,906.0,1,1,906.0
1107,2023-06-12,CAUSAS NATURALES/INUNDACIÓN EXTRAORDINARIA,Huesca,28320.0,7,2,14160.0
1109,2023-06-18,CAUSAS NATURALES/INUNDACIÓN EXTRAORDINARIA,Huesca,2637.0,5,2,1318.5
1112,2023-06-22,CAUSAS NATURALES/INUNDACIÓN EXTRAORDINARIA,Huesca,2987.0,3,3,995.6666666666666
1113,2023-06-29,CAUSAS NATURALES/INUNDACIÓN EXTRAORDINARIA,Huesca,2926.0,3,1,2926.0
1114,2023-07-06,CAUSAS NATURALES/INUNDACIÓN EXTRAORDINARIA,Huesca,30598.0,11,1,30598.0
1115,2023-07-08,CAUSAS NATURALES/INUNDACIÓN EXTRAORDINARIA,Huesca,4084.0,1,1,4084.0
1116,2023-07-27,CAUSAS NATURALES/INUNDACIÓN EXTRAORDINARIA,Huesca,15630.0,3,1,15630.0
1117,2023-08-14,CAUSAS NATURALES/INUNDACIÓN EXTRAORDINARIA,Huesca,3520.0,3,1,3520.0
1120,2023-08-28,CAUSAS NATURALES/INUNDACIÓN EXTRAORDINARIA,Huesca,14505.0,7,3,4835.0
1123,2023-09-03,CAUSAS NATURALES/INUNDACIÓN EXTRAORDINARIA,Huesca,6432.0,4,3,2144.0
1124,2023-09-13,CAUSAS NATURALES/INUNDACIÓN EXTRAORDINARIA,Huesca,92.0,1,1,92.0
1125,2023-10-27,CAUSAS NATURALES/INUNDACIÓN EXTRAORDINARIA,Huesca,4764.0,1,1,4764.0
1126,2023-10-30,CAUSAS NATURALES/INUNDACIÓN EXTRAORDINARIA,Huesca,3750.0,2,1,3750.0
1128,2023-11-03,CAUSAS NATURALES/INUNDACIÓN EXTRAORDINARIA,Huesca,123064.0,16,2,61532.0
1129,2023-11-09,CAUSAS NATURALES/INUNDACIÓN EXTRAORDINARIA,Huesca,37769.0,1,1,37769.0
1130,2023-11-14,CAUSAS NATURALES/INUNDACIÓN EXTRAORDINARIA,Huesca,4120.0,2,1,4120.0
1131,2023-12-15,CAUSAS NATURALES/INUNDACIÓN EXTRAORDINARIA,Huesca,4663.0,1,1,4663.0
1140,2023-01-23,CAUSAS NATURALES/TEMPESTAD CICLÓNICA ATÍPICA,Huesca,268726.0,193,9,29858.444444444445
1141,2023-07-27,CAUSAS NATURALES/TEMPESTAD CICLÓNICA ATÍPICA,Huesca,4240.0,5,1,4240.0
1145,2023-10-20,CAUSAS NATURALES/TEMPESTAD CICLÓNICA ATÍPICA,Huesca,11469.0,7,4,2867.25
1146,2023-10-23,CAUSAS NATURALES/TEMPESTAD CICLÓNICA ATÍPICA,Huesca,2220.0,2,1,2220.0
1147,2023-10-26,CAUSAS NATURALES/TEMPESTAD CICLÓNICA ATÍPICA,Huesca,57.0,1,1,57.0
1152,2023-11-05,CAUSAS NATURALES/TEMPESTAD CICLÓNICA ATÍPICA,Huesca,13722.0,18,5,2744.4
1154,2023-11-22,CAUSAS NATURALES/TEMPESTAD CICLÓNICA ATÍPICA,Huesca,2480.0,5,2,1240.0
1155,2023-01-05,CAUSAS NATURALES/INUNDACIÓN EXTRAORDINARIA,Jaen,5024.0,1,1,5024.0
1156,2023-03-09,CAUSAS NATURALES/INUNDACIÓN EXTRAORDINARIA,Jaen,31080.0,10,1,31080.0
1158,2023-05-28,CAUSAS NATURALES/INUNDACIÓN EXTRAORDINARIA,Jaen,41484.0,13,2,20742.0
1159,2023-06-02,CAUSAS NATURALES/INUNDACIÓN EXTRAORDINARIA,Jaen,2585.0,1,1,2585.0
1160,2023-06-04,CAUSAS NATURALES/INUNDACIÓN EXTRAORDINARIA,Jaen,4747.0,2,1,4747.0
1161,2023-06-08,CAUSAS NATURALES/INUNDACIÓN EXTRAORDINARIA,Jaen,1970.0,1,1,1970.0
1162,2023-06-21,CAUSAS NATURALES/INUNDACIÓN EXTRAORDINARIA,Jaen,3746.0,3,1,3746.0
1164,2023-09-03,CAUSAS NATURALES/INUNDACIÓN EXTRAORDINARIA,Jaen,22525.0,7,2,11262.5
1166,2023-09-15,CAUSAS NATURALES/INUNDACIÓN EXTRAORDINARIA,Jaen,223318.0,20,2,111659.0
1168,2023-10-20,CAUSAS NATURALES/INUNDACIÓN EXTRAORDINARIA,Jaen,33510.0,15,2,16755.0
1170,2023-10-23,CAUSAS NATURALES/INUNDACIÓN EXTRAORDINARIA,Jaen,4594.0,3,2,2297.0
1175,2023-11-04,CAUSAS NATURALES/TEMPESTAD CICLÓNICA ATÍPICA,Jaen,13027.0,23,5,2605.4
1176,2023-01-15,CAUSAS NATURALES/INUNDACIÓN EXTRAORDINARIA,Leon,192.0,1,1,192.0
1177,2023-01-17,CAUSAS NATURALES/INUNDACIÓN EXTRAORDINARIA,Leon,807.0,2,1,807.0
1178,2023-01-19,CAUSAS NATURALES/INUNDACIÓN EXTRAORDINARIA,Leon,732.0,1,1,732.0
1179,2023-05-28,CAUSAS NATURALES/INUNDACIÓN EXTRAORDINARIA,Leon,704.0,1,1,704.0
1180,2023-06-01,CAUSAS NATURALES/INUNDACIÓN EXTRAORDINARIA,Leon,2428.0,2,1,2428.0
1183,2023-06-05,CAUSAS NATURALES/INUNDACIÓN EXTRAORDINARIA,Leon,7083.0,4,3,2361.0
1189,2023-06-13,CAUSAS NATURALES/INUNDACIÓN EXTRAORDINARIA,Leon,185888.0,101,6,30981.333333333332
1194,2023-06-20,CAUSAS NATURALES/INUNDACIÓN EXTRAORDINARIA,Leon,8690.0,6,5,1738.0
1196,2023-06-23,CAUSAS NATURALES/INUNDACIÓN EXTRAORDINARIA,Leon,5537.0,2,2,2768.5
1197,2023-09-03,CAUSAS NATURALES/INUNDACIÓN EXTRAORDINARIA,Leon,1521.0,3,1,1521.0
1198,2023-09-09,CAUSAS NATURALES/INUNDACIÓN EXTRAORDINARIA,Leon,3627.0,1,1,3627.0
1199,2023-09-12,CAUSAS NATURALES/INUNDACIÓN EXTRAORDINARIA,Leon,907.0,1,1,907.0
1202,2023-09-17,CAUSAS NATURALES/INUNDACIÓN EXTRAORDINARIA,Leon,5652.0,5,3,1884.0
1203,2023-10-26,CAUSAS NATURALES/INUNDACIÓN EXTRAORDINARIA,Leon,6743.0,3,1,6743.0
1205,2023-10-29,CAUSAS NATURALES/INUNDACIÓN EXTRAORDINARIA,Leon,2938.0,2,2,1469.0
1206,2023-11-02,CAUSAS NATURALES/INUNDACIÓN EXTRAORDINARIA,Leon,234.0,1,1,234.0
1207,2023-11-04,CAUSAS NATURALES/INUNDACIÓN EXTRAORDINARIA,Leon,4663.0,1,1,4663.0
1208,2023-01-01,CAUSAS NATURALES/TEMPESTAD CICLÓNICA ATÍPICA,Leon,4273.0,14,1,4273.0
1214,2023-01-20,CAUSAS NATURALES/TEMPESTAD CICLÓNICA ATÍPICA,Leon,50247.0,88,6,8374.5
1215,2023-01-23,CAUSAS NATURALES/TEMPESTAD CICLÓNICA ATÍPICA,Leon,1840.0,8,1,1840.0
1223,2023-10-24,CAUSAS NATURALES/TEMPESTAD CICLÓNICA ATÍPICA,Leon,28021.0,72,8,3502.625
1224,2023-10-28,CAUSAS NATURALES/TEMPESTAD CICLÓNICA ATÍPICA,Leon,3573.0,11,1,3573.0
1230,2023-11-05,CAUSAS NATURALES/TEMPESTAD CICLÓNICA ATÍPICA,Leon,148482.0,296,6,24747.0
1231,2023-05-22,CAUSAS NATURALES/INUNDACIÓN EXTRAORDINARIA,Lleida,381.0,1,1,381.0
1232,2023-05-24,CAUSAS NATURALES/INUNDACIÓN EXTRAORDINARIA,Lleida,307.0,1,1,307.0
1238,2023-06-07,CAUSAS NATURALES/INUNDACIÓN EXTRAORDINARIA,Lleida,32793.0,23,6,5465.5
1241,2023-06-13,CAUSAS NATURALES/INUNDACIÓN EXTRAORDINARIA,Lleida,22889.0,6,3,7629.666666666667
1242,2023-06-20,CAUSAS NATURALES/INUNDACIÓN EXTRAORDINARIA,Lleida,780.0,1,1,780.0
1243,2023-06-26,CAUSAS NATURALES/INUNDACIÓN EXTRAORDINARIA,Lleida,2051.0,1,1,2051.0
1246,2023-06-30,CAUSAS NATURALES/INUNDACIÓN EXTRAORDINARIA,Lleida,229683.0,109,3,76561.0
1247,2023-07-06,CAUSAS NATURALES/INUNDACIÓN EXTRAORDINARIA,Lleida,20099.0,3,1,20099.0
1248,2023-07-18,CAUSAS NATURALES/INUNDACIÓN EXTRAORDINARIA,Lleida,1458.0,1,1,1458.0
1249,2023-07-27,CAUSAS NATURALES/INUNDACIÓN EXTRAORDINARIA,Lleida,14753.0,6,1,14753.0
1250,2023-08-22,CAUSAS NATURALES/INUNDACIÓN EXTRAORDINARIA,Lleida,472.0,1,1,472.0
1251,2023-08-24,CAUSAS NATURALES/INUNDACIÓN EXTRAORDINARIA,Lleida,616.0,1,1,616.0
1252,2023-09-12,CAUSAS NATURALES/INUNDACIÓN EXTRAORDINARIA,Lleida,1212.0,1,1,1212.0
1253,2023-01-14,CAUSAS NATURALES/TEMPESTAD CICLÓNICA ATÍPICA,Lleida,117.0,1,1,117.0
1257,2023-01-19,CAUSAS NATURALES/TEMPESTAD CICLÓNICA ATÍPICA,Lleida,14001.0,8,4,3500.25
1260,2023-01-23,CAUSAS NATURALES/TEMPESTAD CICLÓNICA ATÍPICA,Lleida,45459.0,34,3,15153.0
1261,2023-07-27,CAUSAS NATURALES/TEMPESTAD CICLÓNICA ATÍPICA,Lleida,77843.0,37,1,77843.0
1262,2023-11-02,CAUSAS NATURALES/TEMPESTAD CICLÓNICA ATÍPICA,Lleida,2200.0,3,1,2200.0
1263,2023-11-04,CAUSAS NATURALES/TEMPESTAD CICLÓNICA ATÍPICA,Lleida,948.0,2,1,948.0
1269,2023-01-06,CAUSAS NATURALES/INUNDACIÓN EXTRAORDINARIA,Lugo,662683.0,168,6,110447.16666666667
1270,2023-01-14,CAUSAS NATURALES/INUNDACIÓN EXTRAORDINARIA,Lugo,725.0,1,1,725.0
1275,2023-01-20,CAUSAS NATURALES/INUNDACIÓN EXTRAORDINARIA,Lugo,915705.0,79,5,183141.0
1276,2023-05-28,CAUSAS NATURALES/INUNDACIÓN EXTRAORDINARIA,Lugo,1285.0,1,1,1285.0
1279,2023-06-01,CAUSAS NATURALES/INUNDACIÓN EXTRAORDINARIA,Lugo,6612.0,7,3,2204.0
1282,2023-06-05,CAUSAS NATURALES/INUNDACIÓN EXTRAORDINARIA,Lugo,240007.0,62,3,80002.33333333333
1284,2023-06-12,CAUSAS NATURALES/INUNDACIÓN EXTRAORDINARIA,Lugo,29930.0,9,2,14965.0
1285,2023-06-14,CAUSAS NATURALES/INUNDACIÓN EXTRAORDINARIA,Lugo,2929.0,1,1,2929.0
1286,2023-06-18,CAUSAS NATURALES/INUNDACIÓN EXTRAORDINARIA,Lugo,2072.0,1,1,2072.0
1288,2023-09-02,CAUSAS NATURALES/INUNDACIÓN EXTRAORDINARIA,Lugo,15964.0,2,2,7982.0
1294,2023-09-12,CAUSAS NATURALES/INUNDACIÓN EXTRAORDINARIA,Lugo,55571.0,26,6,9261.833333333334
1295,2023-09-15,CAUSAS NATURALES/INUNDACIÓN EXTRAORDINARIA,Lugo,3045.0,1,1,3045.0
1296,2023-10-28,CAUSAS NATURALES/INUNDACIÓN EXTRAORDINARIA,Lugo,160952.0,3,1,160952.0
1299,2023-11-05,CAUSAS NATURALES/INUNDACIÓN EXTRAORDINARIA,Lugo,23506.0,6,3,7835.333333333333
1300,2023-12-07,CAUSAS NATURALES/INUNDACIÓN EXTRAORDINARIA,Lugo,856.0,1,1,856.0
1301,2023-01-01,CAUSAS NATURALES/TEMPESTAD CICLÓNICA ATÍPICA,Lugo,7067.0,13,1,7067.0
1302,2023-01-07,CAUSAS NATURALES/TEMPESTAD CICLÓNICA ATÍPICA,Lugo,8509.0,13,1,8509.0
1312,2023-01-23,CAUSAS NATURALES/TEMPESTAD CICLÓNICA ATÍPICA,Lugo,273365.0,369,10,27336.5
1316,2023-03-10,CAUSAS NATURALES/TEMPESTAD CICLÓNICA ATÍPICA,Lugo,5527.0,12,4,1381.75
1317,2023-03-13,CAUSAS NATURALES/TEMPESTAD CICLÓNICA ATÍPICA,Lugo,3799.0,9,1,3799.0
1319,2023-03-30,CAUSAS NATURALES/TEMPESTAD CICLÓNICA ATÍPICA,Lugo,20036.0,22,2,10018.0
1327,2023-10-24,CAUSAS NATURALES/TEMPESTAD CICLÓNICA ATÍPICA,Lugo,108721.0,144,8,13590.125
1329,2023-10-30,CAUSAS NATURALES/TEMPESTAD CICLÓNICA ATÍPICA,Lugo,599.0,4,2,299.5
1334,2023-11-05,CAUSAS NATURALES/TEMPESTAD CICLÓNICA ATÍPICA,Lugo,938417.0,1060,5,187683.4
1335,2023-12-07,CAUSAS NATURALES/TEMPESTAD CICLÓNICA ATÍPICA,Lugo,841.0,1,1,841.0
1336,2023-12-27,CAUSAS NATURALES/TEMPESTAD CICLÓNICA ATÍPICA,Lugo,220.0,1,1,220.0
1337,2023-12-30,CAUSAS NATURALES/TEMPESTAD CICLÓNICA ATÍPICA,Lugo,1580.0,1,1,1580.0
1338,2023-01-13,CAUSAS NATURALES/INUNDACIÓN EXTRAORDINARIA,Madrid,18447.0,1,1,18447.0
1339,2023-03-09,CAUSAS NATURALES/INUNDACIÓN EXTRAORDINARIA,Madrid,3505.0,1,1,3505.0
1340,2023-05-06,CAUSAS NATURALES/INUNDACIÓN EXTRAORDINARIA,Madrid,1401.0,1,1,1401.0
1349,2023-06-02,CAUSAS NATURALES/INUNDACIÓN EXTRAORDINARIA,Madrid,6014351.0,1204,9,668261.2222222222
1351,2023-06-05,CAUSAS NATURALES/INUNDACIÓN EXTRAORDINARIA,Madrid,10149.0,5,2,5074.5
1352,2023-06-08,CAUSAS NATURALES/INUNDACIÓN EXTRAORDINARIA,Madrid,22511.0,5,1,22511.0
1357,2023-06-16,CAUSAS NATURALES/INUNDACIÓN EXTRAORDINARIA,Madrid,412802.0,36,5,82560.4
1362,2023-06-22,CAUSAS NATURALES/INUNDACIÓN EXTRAORDINARIA,Madrid,225368.0,57,5,45073.6
1368,2023-06-30,CAUSAS NATURALES/INUNDACIÓN EXTRAORDINARIA,Madrid,30212.0,8,6,5035.333333333333
1369,2023-07-03,CAUSAS NATURALES/INUNDACIÓN EXTRAORDINARIA,Madrid,11747.0,2,1,11747.0
1370,2023-07-05,CAUSAS NATURALES/INUNDACIÓN EXTRAORDINARIA,Madrid,6904.0,1,1,6904.0
1371,2023-07-10,CAUSAS NATURALES/INUNDACIÓN EXTRAORDINARIA,Madrid,1105.0,1,1,1105.0
1372,2023-08-06,CAUSAS NATURALES/INUNDACIÓN EXTRAORDINARIA,Madrid,82.0,1,1,82.0
1373,2023-08-28,CAUSAS NATURALES/INUNDACIÓN EXTRAORDINARIA,Madrid,287.0,1,1,287.0
1374,2023-08-30,CAUSAS NATURALES/INUNDACIÓN EXTRAORDINARIA,Madrid,610.0,1,1,610.0
1391,2023-09-17,CAUSAS NATURALES/INUNDACIÓN EXTRAORDINARIA,Madrid,51550509.0,6192,17,3032382.882352941
1392,2023-09-19,CAUSAS NATURALES/INUNDACIÓN EXTRAORDINARIA,Madrid,1537.0,1,1,1537.0
1393,2023-09-24,CAUSAS NATURALES/INUNDACIÓN EXTRAORDINARIA,Madrid,2722.0,1,1,2722.0
1395,2023-09-28,CAUSAS NATURALES/INUNDACIÓN EXTRAORDINARIA,Madrid,7432.0,4,2,3716.0
1397,2023-10-03,CAUSAS NATURALES/INUNDACIÓN EXTRAORDINARIA,Madrid,17168.0,3,2,8584.0
1398,2023-10-05,CAUSAS NATURALES/INUNDACIÓN EXTRAORDINARIA,Madrid,384.0,1,1,384.0
1399,2023-10-07,CAUSAS NATURALES/INUNDACIÓN EXTRAORDINARIA,Madrid,1986.0,1,1,1986.0
1400,2023-10-10,CAUSAS NATURALES/INUNDACIÓN EXTRAORDINARIA,Madrid,7087.0,2,1,7087.0
1401,2023-10-13,CAUSAS NATURALES/INUNDACIÓN EXTRAORDINARIA,Madrid,2408.0,1,1,2408.0
1407,2023-10-23,CAUSAS NATURALES/INUNDACIÓN EXTRAORDINARIA,Madrid,6848261.0,806,6,1141376.8333333333
1409,2023-10-27,CAUSAS NATURALES/INUNDACIÓN EXTRAORDINARIA,Madrid,5578.0,2,2,2789.0
1411,2023-10-30,CAUSAS NATURALES/INUNDACIÓN EXTRAORDINARIA,Madrid,15230.0,2,2,7615.0
1415,2023-11-04,CAUSAS NATURALES/INUNDACIÓN EXTRAORDINARIA,Madrid,57144.0,14,4,14286.0
1416,2023-11-10,CAUSAS NATURALES/INUNDACIÓN EXTRAORDINARIA,Madrid,3084.0,1,1,3084.0
1418,2023-11-15,CAUSAS NATURALES/INUNDACIÓN EXTRAORDINARIA,Madrid,412.0,2,2,206.0
1419,2023-11-19,CAUSAS NATURALES/INUNDACIÓN EXTRAORDINARIA,Madrid,44261.0,1,1,44261.0
1420,2023-11-23,CAUSAS NATURALES/INUNDACIÓN EXTRAORDINARIA,Madrid,939.0,2,1,939.0
1422,2023-12-01,CAUSAS NATURALES/INUNDACIÓN EXTRAORDINARIA,Madrid,1622579.0,131,2,811289.5
1423,2023-12-07,CAUSAS NATURALES/INUNDACIÓN EXTRAORDINARIA,Madrid,70.0,1,1,70.0
1424,2023-12-09,CAUSAS NATURALES/INUNDACIÓN EXTRAORDINARIA,Madrid,19038.0,1,1,19038.0
1425,2023-12-12,CAUSAS NATURALES/INUNDACIÓN EXTRAORDINARIA,Madrid,7144.0,1,1,7144.0
1435,2023-01-23,CAUSAS NATURALES/TEMPESTAD CICLÓNICA ATÍPICA,Madrid,421074.0,572,10,42107.4
1440,2023-11-05,CAUSAS NATURALES/TEMPESTAD CICLÓNICA ATÍPICA,Madrid,228198.0,285,5,45639.6
1442,2023-02-11,CAUSAS NATURALES/EMBATE DE MAR,Malaga,117617.0,7,2,58808.5
1445,2023-02-09,CAUSAS NATURALES/INUNDACIÓN EXTRAORDINARIA,Malaga,425166.0,25,3,141722.0
1446,2023-05-19,CAUSAS NATURALES/INUNDACIÓN EXTRAORDINARIA,Malaga,4355.0,1,1,4355.0
1448,2023-05-22,CAUSAS NATURALES/INUNDACIÓN EXTRAORDINARIA,Malaga,2203.0,3,2,1101.5
1449,2023-05-26,CAUSAS NATURALES/INUNDACIÓN EXTRAORDINARIA,Malaga,229.0,1,1,229.0
1450,2023-09-15,CAUSAS NATURALES/INUNDACIÓN EXTRAORDINARIA,Malaga,82224.0,9,1,82224.0
1452,2023-10-20,CAUSAS NATURALES/INUNDACIÓN EXTRAORDINARIA,Malaga,2301.0,2,2,1150.5
1453,2023-09-02,CAUSAS NATURALES/TEMPESTAD CICLÓNICA ATÍPICA,Malaga,1277.0,2,1,1277.0
1456,2023-05-29,CAUSAS NATURALES/INUNDACIÓN EXTRAORDINARIA,Melilla,60654.0,36,3,20218.0
1457,2023-09-02,CAUSAS NATURALES/INUNDACIÓN EXTRAORDINARIA,Melilla,1208.0,1,1,1208.0
1458,2023-04-29,CAUSAS NATURALES/INUNDACIÓN EXTRAORDINARIA,Murcia,10878.0,6,1,10878.0
1459,2023-05-01,CAUSAS NATURALES/INUNDACIÓN EXTRAORDINARIA,Murcia,917.0,1,1,917.0
1460,2023-05-13,CAUSAS NATURALES/INUNDACIÓN EXTRAORDINARIA,Murcia,22180.0,1,1,22180.0
1462,2023-05-19,CAUSAS NATURALES/INUNDACIÓN EXTRAORDINARIA,Murcia,18726.0,5,2,9363.0
1478,2023-06-06,CAUSAS NATURALES/INUNDACIÓN EXTRAORDINARIA,Murcia,9538048.0,2299,16,596128.0
1479,2023-06-13,CAUSAS NATURALES/INUNDACIÓN EXTRAORDINARIA,Murcia,9197.0,3,1,9197.0
1480,2023-06-21,CAUSAS NATURALES/INUNDACIÓN EXTRAORDINARIA,Murcia,168356.0,47,1,168356.0
1481,2023-06-26,CAUSAS NATURALES/INUNDACIÓN EXTRAORDINARIA,Murcia,472.0,1,1,472.0
1482,2023-07-20,CAUSAS NATURALES/INUNDACIÓN EXTRAORDINARIA,Murcia,2460.0,1,1,2460.0
1484,2023-09-03,CAUSAS NATURALES/INUNDACIÓN EXTRAORDINARIA,Murcia,2941.0,3,2,1470.5
1486,2023-09-13,CAUSAS NATURALES/INUNDACIÓN EXTRAORDINARIA,Murcia,69294.0,41,2,34647.0
1489,2023-09-17,CAUSAS NATURALES/INUNDACIÓN EXTRAORDINARIA,Murcia,561017.0,101,3,187005.66666666666
1496,2023-01-20,CAUSAS NATURALES/TEMPESTAD CICLÓNICA ATÍPICA,Murcia,446015.0,572,7,63716.42857142857
1498,2023-01-23,CAUSAS NATURALES/TEMPESTAD CICLÓNICA ATÍPICA,Murcia,3578.0,6,2,1789.0
1503,2023-11-05,CAUSAS NATURALES/TEMPESTAD CICLÓNICA ATÍPICA,Murcia,408940.0,543,5,81788.0
1504,2023-05-14,CAUSAS NATURALES/INUNDACIÓN EXTRAORDINARIA,Navarra,14450.0,5,1,14450.0
1505,2023-05-16,CAUSAS NATURALES/INUNDACIÓN EXTRAORDINARIA,Navarra,603.0,1,1,603.0
1509,2023-05-22,CAUSAS NATURALES/INUNDACIÓN EXTRAORDINARIA,Navarra,1750631.0,220,4,437657.75
1514,2023-05-31,CAUSAS NATURALES/INUNDACIÓN EXTRAORDINARIA,Navarra,319967.0,93,5,63993.4
1515,2023-06-03,CAUSAS NATURALES/INUNDACIÓN EXTRAORDINARIA,Navarra,3881.0,3,1,3881.0
1516,2023-06-05,CAUSAS NATURALES/INUNDACIÓN EXTRAORDINARIA,Navarra,2119.0,1,1,2119.0
1520,2023-06-14,CAUSAS NATURALES/INUNDACIÓN EXTRAORDINARIA,Navarra,220975.0,17,4,55243.75
1522,2023-06-18,CAUSAS NATURALES/INUNDACIÓN EXTRAORDINARIA,Navarra,18083.0,10,2,9041.5
1524,2023-06-21,CAUSAS NATURALES/INUNDACIÓN EXTRAORDINARIA,Navarra,126797.0,27,2,63398.5
1527,2023-07-07,CAUSAS NATURALES/INUNDACIÓN EXTRAORDINARIA,Navarra,194121.0,53,3,64707.0
1528,2023-07-10,CAUSAS NATURALES/INUNDACIÓN EXTRAORDINARIA,Navarra,730.0,1,1,730.0
1529,2023-07-27,CAUSAS NATURALES/INUNDACIÓN EXTRAORDINARIA,Navarra,24117.0,2,1,24117.0
1530,2023-08-02,CAUSAS NATURALES/INUNDACIÓN EXTRAORDINARIA,Navarra,7613.0,1,1,7613.0
1533,2023-08-17,CAUSAS NATURALES/INUNDACIÓN EXTRAORDINARIA,Navarra,39693.0,17,3,13231.0
1534,2023-08-21,CAUSAS NATURALES/INUNDACIÓN EXTRAORDINARIA,Navarra,423.0,1,1,423.0
1540,2023-09-06,CAUSAS NATURALES/INUNDACIÓN EXTRAORDINARIA,Navarra,719858.0,191,6,119976.33333333333
1544,2023-09-11,CAUSAS NATURALES/INUNDACIÓN EXTRAORDINARIA,Navarra,164496.0,38,4,41124.0
1548,2023-09-18,CAUSAS NATURALES/INUNDACIÓN EXTRAORDINARIA,Navarra,66907.0,10,4,16726.75
1549,2023-09-20,CAUSAS NATURALES/INUNDACIÓN EXTRAORDINARIA,Navarra,1092.0,1,1,1092.0
1550,2023-10-30,CAUSAS NATURALES/INUNDACIÓN EXTRAORDINARIA,Navarra,3641.0,1,1,3641.0
1551,2023-01-15,CAUSAS NATURALES/TEMPESTAD CICLÓNICA ATÍPICA,Navarra,108.0,1,1,108.0
1552,2023-01-17,CAUSAS NATURALES/TEMPESTAD CICLÓNICA ATÍPICA,Navarra,1665.0,7,1,1665.0
1554,2023-01-20,CAUSAS NATURALES/TEMPESTAD CICLÓNICA ATÍPICA,Navarra,8189.0,6,2,4094.5
1556,2023-01-23,CAUSAS NATURALES/TEMPESTAD CICLÓNICA ATÍPICA,Navarra,4927.0,6,2,2463.5
1557,2023-03-26,CAUSAS NATURALES/TEMPESTAD CICLÓNICA ATÍPICA,Navarra,1758.0,1,1,1758.0
1558,2023-07-07,CAUSAS NATURALES/TEMPESTAD CICLÓNICA ATÍPICA,Navarra,76400.0,12,1,76400.0
1560,2023-10-18,CAUSAS NATURALES/TEMPESTAD CICLÓNICA ATÍPICA,Navarra,9030.0,5,2,4515.0
1561,2023-10-20,CAUSAS NATURALES/TEMPESTAD CICLÓNICA ATÍPICA,Navarra,646.0,1,1,646.0
1564,2023-10-24,CAUSAS NATURALES/TEMPESTAD CICLÓNICA ATÍPICA,Navarra,2350.0,4,3,783.3333333333334
1569,2023-11-05,CAUSAS NATURALES/TEMPESTAD CICLÓNICA ATÍPICA,Navarra,55845.0,73,5,11169.0
1573,2023-01-04,CAUSAS NATURALES/INUNDACIÓN EXTRAORDINARIA,Ourense,780217.0,116,4,195054.25
1574,2023-01-06,CAUSAS NATURALES/INUNDACIÓN EXTRAORDINARIA,Ourense,96947.0,4,1,96947.0
1576,2023-01-17,CAUSAS NATURALES/INUNDACIÓN EXTRAORDINARIA,Ourense,87438.0,4,2,43719.0
1577,2023-01-20,CAUSAS NATURALES/INUNDACIÓN EXTRAORDINARIA,Ourense,9085.0,1,1,9085.0
1578,2023-03-08,CAUSAS NATURALES/INUNDACIÓN EXTRAORDINARIA,Ourense,1793.0,1,1,1793.0
1584,2023-06-01,CAUSAS NATURALES/INUNDACIÓN EXTRAORDINARIA,Ourense,695019.0,188,6,115836.5
1587,2023-06-05,CAUSAS NATURALES/INUNDACIÓN EXTRAORDINARIA,Ourense,10775.0,8,3,3591.6666666666665
1589,2023-06-08,CAUSAS NATURALES/INUNDACIÓN EXTRAORDINARIA,Ourense,6738.0,3,2,3369.0
1591,2023-06-13,CAUSAS NATURALES/INUNDACIÓN EXTRAORDINARIA,Ourense,15911.0,5,2,7955.5
1592,2023-09-01,CAUSAS NATURALES/INUNDACIÓN EXTRAORDINARIA,Ourense,875.0,1,1,875.0
1593,2023-09-03,CAUSAS NATURALES/INUNDACIÓN EXTRAORDINARIA,Ourense,18255.0,1,1,18255.0
1596,2023-09-10,CAUSAS NATURALES/INUNDACIÓN EXTRAORDINARIA,Ourense,26106.0,13,3,8702.0
1597,2023-09-13,CAUSAS NATURALES/INUNDACIÓN EXTRAORDINARIA,Ourense,71164.0,1,1,71164.0
1598,2023-10-18,CAUSAS NATURALES/INUNDACIÓN EXTRAORDINARIA,Ourense,4663.0,1,1,4663.0
1599,2023-10-26,CAUSAS NATURALES/INUNDACIÓN EXTRAORDINARIA,Ourense,4663.0,1,1,4663.0
1600,2023-11-02,CAUSAS NATURALES/INUNDACIÓN EXTRAORDINARIA,Ourense,70500.0,2,1,70500.0
1601,2023-11-04,CAUSAS NATURALES/INUNDACIÓN EXTRAORDINARIA,Ourense,30182.0,2,1,30182.0
1602,2023-01-01,CAUSAS NATURALES/TEMPESTAD CICLÓNICA ATÍPICA,Ourense,4035.0,9,1,4035.0
1610,2023-01-21,CAUSAS NATURALES/TEMPESTAD CICLÓNICA ATÍPICA,Ourense,52391.0,86,8,6548.875
1611,2023-01-23,CAUSAS NATURALES/TEMPESTAD CICLÓNICA ATÍPICA,Ourense,8489.0,7,1,8489.0
1615,2023-10-20,CAUSAS NATURALES/TEMPESTAD CICLÓNICA ATÍPICA,Ourense,26361.0,57,4,6590.25
1618,2023-10-24,CAUSAS NATURALES/TEMPESTAD CICLÓNICA ATÍPICA,Ourense,4231.0,8,3,1410.3333333333333
1619,2023-10-28,CAUSAS NATURALES/TEMPESTAD CICLÓNICA ATÍPICA,Ourense,4265.0,7,1,4265.0
1625,2023-11-05,CAUSAS NATURALES/TEMPESTAD CICLÓNICA ATÍPICA,Ourense,149675.0,209,6,24945.833333333332
1627,2023-05-28,CAUSAS NATURALES/INUNDACIÓN EXTRAORDINARIA,Palencia,18457.0,2,2,9228.5
1629,2023-06-01,CAUSAS NATURALES/INUNDACIÓN EXTRAORDINARIA,Palencia,41401.0,12,2,20700.5
1631,2023-06-04,CAUSAS NATURALES/INUNDACIÓN EXTRAORDINARIA,Palencia,2887.0,2,2,1443.5
1636,2023-06-12,CAUSAS NATURALES/INUNDACIÓN EXTRAORDINARIA,Palencia,213788.0,82,5,42757.6
1637,2023-06-16,CAUSAS NATURALES/INUNDACIÓN EXTRAORDINARIA,Palencia,8896.0,1,1,8896.0
1638,2023-06-27,CAUSAS NATURALES/INUNDACIÓN EXTRAORDINARIA,Palencia,2531.0,1,1,2531.0
1639,2023-09-08,CAUSAS NATURALES/INUNDACIÓN EXTRAORDINARIA,Palencia,1959.0,1,1,1959.0
1641,2023-09-12,CAUSAS NATURALES/INUNDACIÓN EXTRAORDINARIA,Palencia,4300.0,2,2,2150.0
1642,2023-09-15,CAUSAS NATURALES/INUNDACIÓN EXTRAORDINARIA,Palencia,24488.0,8,1,24488.0
1643,2023-11-02,CAUSAS NATURALES/INUNDACIÓN EXTRAORDINARIA,Palencia,3801.0,1,1,3801.0
1644,2023-01-01,CAUSAS NATURALES/TEMPESTAD CICLÓNICA ATÍPICA,Palencia,1855.0,2,1,1855.0
1647,2023-01-20,CAUSAS NATURALES/TEMPESTAD CICLÓNICA ATÍPICA,Palencia,2893.0,3,3,964.3333333333334
1651,2023-10-20,CAUSAS NATURALES/TEMPESTAD CICLÓNICA ATÍPICA,Palencia,6079.0,12,4,1519.75
1652,2023-10-23,CAUSAS NATURALES/TEMPESTAD CICLÓNICA ATÍPICA,Palencia,1752.0,1,1,1752.0
1653,2023-10-28,CAUSAS NATURALES/TEMPESTAD CICLÓNICA ATÍPICA,Palencia,407.0,1,1,407.0
1654,2023-10-30,CAUSAS NATURALES/TEMPESTAD CICLÓNICA ATÍPICA,Palencia,425.0,1,1,425.0
1659,2023-11-05,CAUSAS NATURALES/TEMPESTAD CICLÓNICA ATÍPICA,Palencia,16548.0,34,5,3309.6
1660,2023-06-06,CAUSAS NATURALES/EMBATE DE MAR,"Palmas, Las",2274.0,2,1,2274.0
1661,2023-02-04,CAUSAS NATURALES/INUNDACIÓN EXTRAORDINARIA,"Palmas, Las",7344.0,2,1,7344.0
1665,2023-12-03,CAUSAS NATURALES/INUNDACIÓN EXTRAORDINARIA,"Palmas, Las",159348.0,55,4,39837.0
1667,2023-12-22,CAUSAS NATURALES/INUNDACIÓN EXTRAORDINARIA,"Palmas, Las",44617.0,4,2,22308.5
1668,2023-10-20,CAUSAS NATURALES/EMBATE DE MAR,Pontevedra,3950.0,1,1,3950.0
1669,2023-11-02,CAUSAS NATURALES/EMBATE DE MAR,Pontevedra,1487.0,1,1,1487.0
1670,2023-11-04,CAUSAS NATURALES/EMBATE DE MAR,Pontevedra,51800.0,1,1,51800.0
1674,2023-01-04,CAUSAS NATURALES/INUNDACIÓN EXTRAORDINARIA,Pontevedra,3771346.0,516,4,942836.5
1676,2023-01-07,CAUSAS NATURALES/INUNDACIÓN EXTRAORDINARIA,Pontevedra,13528.0,5,2,6764.0
1677,2023-01-14,CAUSAS NATURALES/INUNDACIÓN EXTRAORDINARIA,Pontevedra,3138.0,2,1,3138.0
1679,2023-01-17,CAUSAS NATURALES/INUNDACIÓN EXTRAORDINARIA,Pontevedra,64164.0,7,2,32082.0
1680,2023-01-20,CAUSAS NATURALES/INUNDACIÓN EXTRAORDINARIA,Pontevedra,2753.0,1,1,2753.0
1681,2023-02-02,CAUSAS NATURALES/INUNDACIÓN EXTRAORDINARIA,Pontevedra,2566.0,1,1,2566.0
1682,2023-03-02,CAUSAS NATURALES/INUNDACIÓN EXTRAORDINARIA,Pontevedra,2417.0,1,1,2417.0
1683,2023-05-24,CAUSAS NATURALES/INUNDACIÓN EXTRAORDINARIA,Pontevedra,2007.0,1,1,2007.0
1686,2023-05-28,CAUSAS NATURALES/INUNDACIÓN EXTRAORDINARIA,Pontevedra,15114.0,6,3,5038.0
1688,2023-06-03,CAUSAS NATURALES/INUNDACIÓN EXTRAORDINARIA,Pontevedra,10453.0,4,2,5226.5
1689,2023-06-06,CAUSAS NATURALES/INUNDACIÓN EXTRAORDINARIA,Pontevedra,1581.0,1,1,1581.0
1690,2023-06-08,CAUSAS NATURALES/INUNDACIÓN EXTRAORDINARIA,Pontevedra,12365.0,5,1,12365.0
1691,2023-06-14,CAUSAS NATURALES/INUNDACIÓN EXTRAORDINARIA,Pontevedra,363.0,1,1,363.0
1692,2023-06-19,CAUSAS NATURALES/INUNDACIÓN EXTRAORDINARIA,Pontevedra,4613.0,1,1,4613.0
1694,2023-09-09,CAUSAS NATURALES/INUNDACIÓN EXTRAORDINARIA,Pontevedra,17659.0,6,2,8829.5
1695,2023-09-11,CAUSAS NATURALES/INUNDACIÓN EXTRAORDINARIA,Pontevedra,755.0,1,1,755.0
1698,2023-09-20,CAUSAS NATURALES/INUNDACIÓN EXTRAORDINARIA,Pontevedra,5053.0,3,3,1684.3333333333333
1699,2023-10-06,CAUSAS NATURALES/INUNDACIÓN EXTRAORDINARIA,Pontevedra,3613.0,1,1,3613.0
1700,2023-10-13,CAUSAS NATURALES/INUNDACIÓN EXTRAORDINARIA,Pontevedra,15382.0,3,1,15382.0
1701,2023-10-16,CAUSAS NATURALES/INUNDACIÓN EXTRAORDINARIA,Pontevedra,6799.0,1,1,6799.0
1704,2023-10-20,CAUSAS NATURALES/INUNDACIÓN EXTRAORDINARIA,Pontevedra,146510.0,46,3,48836.666666666664
1717,2023-11-06,CAUSAS NATURALES/INUNDACIÓN EXTRAORDINARIA,Pontevedra,1923627.0,251,13,147971.3076923077
1718,2023-11-09,CAUSAS NATURALES/INUNDACIÓN EXTRAORDINARIA,Pontevedra,576.0,1,1,576.0
1719,2023-11-11,CAUSAS NATURALES/INUNDACIÓN EXTRAORDINARIA,Pontevedra,3729.0,1,1,3729.0
1720,2023-11-13,CAUSAS NATURALES/INUNDACIÓN EXTRAORDINARIA,Pontevedra,5247.0,1,1,5247.0
1721,2023-11-20,CAUSAS NATURALES/INUNDACIÓN EXTRAORDINARIA,Pontevedra,7709.0,1,1,7709.0
1722,2023-11-28,CAUSAS NATURALES/INUNDACIÓN EXTRAORDINARIA,Pontevedra,1451.0,1,1,1451.0
1723,2023-12-12,CAUSAS NATURALES/INUNDACIÓN EXTRAORDINARIA,Pontevedra,6777.0,1,1,6777.0
1724,2023-01-01,CAUSAS NATURALES/TEMPESTAD CICLÓNICA ATÍPICA,Pontevedra,34473.0,39,1,34473.0
1731,2023-01-20,CAUSAS NATURALES/TEMPESTAD CICLÓNICA ATÍPICA,Pontevedra,14058.0,26,7,2008.2857142857142
1732,2023-01-23,CAUSAS NATURALES/TEMPESTAD CICLÓNICA ATÍPICA,Pontevedra,4427.0,5,1,4427.0
1740,2023-10-24,CAUSAS NATURALES/TEMPESTAD CICLÓNICA ATÍPICA,Pontevedra,91419.0,136,8,11427.375
1741,2023-10-26,CAUSAS NATURALES/TEMPESTAD CICLÓNICA ATÍPICA,Pontevedra,4318.0,8,1,4318.0
1746,2023-11-05,CAUSAS NATURALES/TEMPESTAD CICLÓNICA ATÍPICA,Pontevedra,1818631.0,2286,5,363726.2
1747,2023-05-23,CAUSAS NATURALES/INUNDACIÓN EXTRAORDINARIA,"Rioja, La",5312.0,1,1,5312.0
1748,2023-05-29,CAUSAS NATURALES/INUNDACIÓN EXTRAORDINARIA,"Rioja, La",17294.0,9,1,17294.0
1749,2023-05-31,CAUSAS NATURALES/INUNDACIÓN EXTRAORDINARIA,"Rioja, La",1388.0,1,1,1388.0
1751,2023-06-06,CAUSAS NATURALES/INUNDACIÓN EXTRAORDINARIA,"Rioja, La",23671.0,9,2,11835.5
1756,2023-06-14,CAUSAS NATURALES/INUNDACIÓN EXTRAORDINARIA,"Rioja, La",44867.0,10,5,8973.4
1763,2023-06-23,CAUSAS NATURALES/INUNDACIÓN EXTRAORDINARIA,"Rioja, La",4073926.0,717,7,581989.4285714285
1764,2023-06-25,CAUSAS NATURALES/INUNDACIÓN EXTRAORDINARIA,"Rioja, La",1095.0,1,1,1095.0
1765,2023-06-29,CAUSAS NATURALES/INUNDACIÓN EXTRAORDINARIA,"Rioja, La",768.0,1,1,768.0
1769,2023-07-09,CAUSAS NATURALES/INUNDACIÓN EXTRAORDINARIA,"Rioja, La",1711863.0,164,4,427965.75
1770,2023-07-16,CAUSAS NATURALES/INUNDACIÓN EXTRAORDINARIA,"Rioja, La",1698.0,1,1,1698.0
1771,2023-07-21,CAUSAS NATURALES/INUNDACIÓN EXTRAORDINARIA,"Rioja, La",1810.0,1,1,1810.0
1772,2023-07-27,CAUSAS NATURALES/INUNDACIÓN EXTRAORDINARIA,"Rioja, La",2697.0,1,1,2697.0
1773,2023-08-12,CAUSAS NATURALES/INUNDACIÓN EXTRAORDINARIA,"Rioja, La",169.0,1,1,169.0
1775,2023-09-02,CAUSAS NATURALES/INUNDACIÓN EXTRAORDINARIA,"Rioja, La",32372.0,18,2,16186.0
1776,2023-09-04,CAUSAS NATURALES/INUNDACIÓN EXTRAORDINARIA,"Rioja, La",15205.0,6,1,15205.0
1777,2023-09-06,CAUSAS NATURALES/INUNDACIÓN EXTRAORDINARIA,"Rioja, La",263.0,1,1,263.0
1784,2023-09-15,CAUSAS NATURALES/INUNDACIÓN EXTRAORDINARIA,"Rioja, La",87629.0,16,7,12518.42857142857
1785,2023-09-21,CAUSAS NATURALES/INUNDACIÓN EXTRAORDINARIA,"Rioja, La",2007.0,1,1,2007.0
1790,2023-01-20,CAUSAS NATURALES/TEMPESTAD CICLÓNICA ATÍPICA,"Rioja, La",38333.0,59,5,7666.6
1792,2023-10-20,CAUSAS NATURALES/TEMPESTAD CICLÓNICA ATÍPICA,"Rioja, La",3031.0,2,2,1515.5
1793,2023-10-28,CAUSAS NATURALES/TEMPESTAD CICLÓNICA ATÍPICA,"Rioja, La",1141.0,1,1,1141.0
1798,2023-11-05,CAUSAS NATURALES/TEMPESTAD CICLÓNICA ATÍPICA,"Rioja, La",346208.0,359,5,69241.6
1803,2023-01-10,CAUSAS NATURALES/INUNDACIÓN EXTRAORDINARIA,Salamanca,874774.0,133,5,174954.8
1805,2023-05-28,CAUSAS NATURALES/INUNDACIÓN EXTRAORDINARIA,Salamanca,3177.0,3,2,1588.5
1806,2023-05-30,CAUSAS NATURALES/INUNDACIÓN EXTRAORDINARIA,Salamanca,1808.0,1,1,1808.0
1811,2023-06-05,CAUSAS NATURALES/INUNDACIÓN EXTRAORDINARIA,Salamanca,119389.0,38,5,23877.8
1812,2023-06-07,CAUSAS NATURALES/INUNDACIÓN EXTRAORDINARIA,Salamanca,2806.0,1,1,2806.0
1814,2023-06-13,CAUSAS NATURALES/INUNDACIÓN EXTRAORDINARIA,Salamanca,3099.0,2,2,1549.5
1815,2023-06-25,CAUSAS NATURALES/INUNDACIÓN EXTRAORDINARIA,Salamanca,11310.0,2,1,11310.0
1816,2023-09-03,CAUSAS NATURALES/INUNDACIÓN EXTRAORDINARIA,Salamanca,223.0,1,1,223.0
1817,2023-09-15,CAUSAS NATURALES/INUNDACIÓN EXTRAORDINARIA,Salamanca,429.0,1,1,429.0
1820,2023-10-19,CAUSAS NATURALES/TEMPESTAD CICLÓNICA ATÍPICA,Salamanca,3973.0,12,3,1324.3333333333333
1821,2023-10-22,CAUSAS NATURALES/TEMPESTAD CICLÓNICA ATÍPICA,Salamanca,36.0,1,1,36.0
1822,2023-10-24,CAUSAS NATURALES/TEMPESTAD CICLÓNICA ATÍPICA,Salamanca,257.0,1,1,257.0
1823,2023-10-26,CAUSAS NATURALES/TEMPESTAD CICLÓNICA ATÍPICA,Salamanca,203.0,1,1,203.0
1824,2023-10-28,CAUSAS NATURALES/TEMPESTAD CICLÓNICA ATÍPICA,Salamanca,157.0,1,1,157.0
1825,2023-10-30,CAUSAS NATURALES/TEMPESTAD CICLÓNICA ATÍPICA,Salamanca,220.0,1,1,220.0
1829,2023-11-04,CAUSAS NATURALES/TEMPESTAD CICLÓNICA ATÍPICA,Salamanca,20327.0,28,4,5081.75
1830,2023-11-30,CAUSAS NATURALES/TEMPESTAD CICLÓNICA ATÍPICA,Salamanca,1870.0,3,1,1870.0
1831,2023-03-29,CAUSAS NATURALES/EMBATE DE MAR,Santa Cruz de Tenerife,2947.0,1,1,2947.0
1833,2023-08-13,CAUSAS NATURALES/EMBATE DE MAR,Santa Cruz de Tenerife,128908.0,5,2,64454.0
1834,2023-11-30,CAUSAS NATURALES/INUNDACIÓN EXTRAORDINARIA,Santa Cruz de Tenerife,9298.0,1,1,9298.0
1835,2023-12-07,CAUSAS NATURALES/INUNDACIÓN EXTRAORDINARIA,Santa Cruz de Tenerife,4663.0,1,1,4663.0
1836,2023-05-06,CAUSAS NATURALES/INUNDACIÓN EXTRAORDINARIA,Segovia,3587.0,1,1,3587.0
1838,2023-05-30,CAUSAS NATURALES/INUNDACIÓN EXTRAORDINARIA,Segovia,7345.0,4,2,3672.5
1841,2023-06-03,CAUSAS NATURALES/INUNDACIÓN EXTRAORDINARIA,Segovia,7555.0,6,3,2518.3333333333335
1842,2023-06-08,CAUSAS NATURALES/INUNDACIÓN EXTRAORDINARIA,Segovia,1044.0,1,1,1044.0
1843,2023-06-12,CAUSAS NATURALES/INUNDACIÓN EXTRAORDINARIA,Segovia,1106.0,1,1,1106.0
1845,2023-06-18,CAUSAS NATURALES/INUNDACIÓN EXTRAORDINARIA,Segovia,114609.0,25,2,57304.5
1849,2023-09-04,CAUSAS NATURALES/INUNDACIÓN EXTRAORDINARIA,Segovia,1318958.0,298,4,329739.5
1852,2023-09-08,CAUSAS NATURALES/INUNDACIÓN EXTRAORDINARIA,Segovia,24123.0,7,3,8041.0
1855,2023-09-12,CAUSAS NATURALES/INUNDACIÓN EXTRAORDINARIA,Segovia,7305.0,3,3,2435.0
1856,2023-09-15,CAUSAS NATURALES/INUNDACIÓN EXTRAORDINARIA,Segovia,1697.0,1,1,1697.0
1865,2023-01-22,CAUSAS NATURALES/TEMPESTAD CICLÓNICA ATÍPICA,Segovia,32342.0,69,9,3593.5555555555557
1869,2023-11-04,CAUSAS NATURALES/TEMPESTAD CICLÓNICA ATÍPICA,Segovia,106367.0,173,4,26591.75
1870,2023-01-08,CAUSAS NATURALES/INUNDACIÓN EXTRAORDINARIA,Sevilla,2158.0,1,1,2158.0
1871,2023-01-18,CAUSAS NATURALES/INUNDACIÓN EXTRAORDINARIA,Sevilla,3549.0,1,1,3549.0
1872,2023-02-09,CAUSAS NATURALES/INUNDACIÓN EXTRAORDINARIA,Sevilla,11921.0,1,1,11921.0
1873,2023-05-18,CAUSAS NATURALES/INUNDACIÓN EXTRAORDINARIA,Sevilla,2320.0,4,1,2320.0
1875,2023-05-28,CAUSAS NATURALES/INUNDACIÓN EXTRAORDINARIA,Sevilla,76039.0,31,2,38019.5
1878,2023-06-04,CAUSAS NATURALES/INUNDACIÓN EXTRAORDINARIA,Sevilla,90327.0,28,3,30109.0
1879,2023-06-07,CAUSAS NATURALES/INUNDACIÓN EXTRAORDINARIA,Sevilla,2221.0,1,1,2221.0
1883,2023-09-05,CAUSAS NATURALES/INUNDACIÓN EXTRAORDINARIA,Sevilla,154980.0,61,4,38745.0
1885,2023-09-15,CAUSAS NATURALES/INUNDACIÓN EXTRAORDINARIA,Sevilla,214235.0,48,2,107117.5
1886,2023-09-18,CAUSAS NATURALES/INUNDACIÓN EXTRAORDINARIA,Sevilla,4023.0,1,1,4023.0
1890,2023-10-20,CAUSAS NATURALES/INUNDACIÓN EXTRAORDINARIA,Sevilla,475623.0,120,4,118905.75
1891,2023-10-22,CAUSAS NATURALES/INUNDACIÓN EXTRAORDINARIA,Sevilla,64041.0,7,1,64041.0
1892,2023-11-10,CAUSAS NATURALES/INUNDACIÓN EXTRAORDINARIA,Sevilla,4214.0,1,1,4214.0
1893,2023-12-03,CAUSAS NATURALES/INUNDACIÓN EXTRAORDINARIA,Sevilla,67.0,1,1,67.0
1901,2023-10-24,CAUSAS NATURALES/TEMPESTAD CICLÓNICA ATÍPICA,Sevilla,31010498.0,13073,8,3876312.25
1903,2023-01-17,CAUSAS NATURALES/INUNDACIÓN EXTRAORDINARIA,Soria,4847.0,2,2,2423.5
1904,2023-05-31,CAUSAS NATURALES/INUNDACIÓN EXTRAORDINARIA,Soria,23480.0,3,1,23480.0
1905,2023-06-05,CAUSAS NATURALES/INUNDACIÓN EXTRAORDINARIA,Soria,10577.0,3,1,10577.0
1907,2023-06-18,CAUSAS NATURALES/INUNDACIÓN EXTRAORDINARIA,Soria,4407.0,4,2,2203.5
1910,2023-06-22,CAUSAS NATURALES/INUNDACIÓN EXTRAORDINARIA,Soria,19433.0,7,3,6477.666666666667
1911,2023-07-07,CAUSAS NATURALES/INUNDACIÓN EXTRAORDINARIA,Soria,480.0,1,1,480.0
1912,2023-09-02,CAUSAS NATURALES/INUNDACIÓN EXTRAORDINARIA,Soria,181.0,1,1,181.0
1915,2023-09-06,CAUSAS NATURALES/INUNDACIÓN EXTRAORDINARIA,Soria,71466.0,23,3,23822.0
1916,2023-09-10,CAUSAS NATURALES/INUNDACIÓN EXTRAORDINARIA,Soria,1265.0,1,1,1265.0
1917,2023-10-30,CAUSAS NATURALES/INUNDACIÓN EXTRAORDINARIA,Soria,536.0,1,1,536.0
1925,2023-01-23,CAUSAS NATURALES/TEMPESTAD CICLÓNICA ATÍPICA,Soria,48662.0,53,8,6082.75
1927,2023-09-04,CAUSAS NATURALES/TEMPESTAD CICLÓNICA ATÍPICA,Soria,13941.0,2,2,6970.5
1928,2023-10-17,CAUSAS NATURALES/TEMPESTAD CICLÓNICA ATÍPICA,Soria,1471.0,2,1,1471.0
1929,2023-10-19,CAUSAS NATURALES/TEMPESTAD CICLÓNICA ATÍPICA,Soria,363.0,1,1,363.0
1930,2023-10-30,CAUSAS NATURALES/TEMPESTAD CICLÓNICA ATÍPICA,Soria,189.0,1,1,189.0
1935,2023-11-05,CAUSAS NATURALES/TEMPESTAD CICLÓNICA ATÍPICA,Soria,81900.0,106,5,16380.0
1936,2023-01-20,CAUSAS NATURALES/EMBATE DE MAR,Tarragona,744.0,1,1,744.0
1937,2023-02-07,CAUSAS NATURALES/EMBATE DE MAR,Tarragona,4407.0,1,1,4407.0
1938,2023-10-16,CAUSAS NATURALES/EMBATE DE MAR,Tarragona,458.0,2,1,458.0
1940,2023-10-20,CAUSAS NATURALES/EMBATE DE MAR,Tarragona,267280.0,7,2,133640.0
1941,2023-02-02,CAUSAS NATURALES/INUNDACIÓN EXTRAORDINARIA,Tarragona,6833.0,1,1,6833.0
1942,2023-02-07,CAUSAS NATURALES/INUNDACIÓN EXTRAORDINARIA,Tarragona,2135.0,1,1,2135.0
1943,2023-02-23,CAUSAS NATURALES/INUNDACIÓN EXTRAORDINARIA,Tarragona,2781.0,2,1,2781.0
1944,2023-05-12,CAUSAS NATURALES/INUNDACIÓN EXTRAORDINARIA,Tarragona,15932.0,5,1,15932.0
1945,2023-05-18,CAUSAS NATURALES/INUNDACIÓN EXTRAORDINARIA,Tarragona,1400.0,1,1,1400.0
1947,2023-05-25,CAUSAS NATURALES/INUNDACIÓN EXTRAORDINARIA,Tarragona,15490.0,2,2,7745.0
1948,2023-05-31,CAUSAS NATURALES/INUNDACIÓN EXTRAORDINARIA,Tarragona,510.0,1,1,510.0
1949,2023-06-13,CAUSAS NATURALES/INUNDACIÓN EXTRAORDINARIA,Tarragona,10107.0,4,1,10107.0
1950,2023-06-27,CAUSAS NATURALES/INUNDACIÓN EXTRAORDINARIA,Tarragona,300.0,1,1,300.0
1951,2023-06-30,CAUSAS NATURALES/INUNDACIÓN EXTRAORDINARIA,Tarragona,200.0,1,1,200.0
1952,2023-07-06,CAUSAS NATURALES/INUNDACIÓN EXTRAORDINARIA,Tarragona,2642.0,1,1,2642.0
1953,2023-07-22,CAUSAS NATURALES/INUNDACIÓN EXTRAORDINARIA,Tarragona,7616.0,3,1,7616.0
1955,2023-08-03,CAUSAS NATURALES/INUNDACIÓN EXTRAORDINARIA,Tarragona,60668.0,2,2,30334.0
1956,2023-08-07,CAUSAS NATURALES/INUNDACIÓN EXTRAORDINARIA,Tarragona,9066.0,1,1,9066.0
1958,2023-08-27,CAUSAS NATURALES/INUNDACIÓN EXTRAORDINARIA,Tarragona,9916.0,6,2,4958.0
1965,2023-09-06,CAUSAS NATURALES/INUNDACIÓN EXTRAORDINARIA,Tarragona,4274048.0,783,7,610578.2857142857
1969,2023-09-11,CAUSAS NATURALES/INUNDACIÓN EXTRAORDINARIA,Tarragona,23059.0,8,4,5764.75
1976,2023-09-20,CAUSAS NATURALES/INUNDACIÓN EXTRAORDINARIA,Tarragona,915965.0,221,7,130852.14285714286
1977,2023-09-22,CAUSAS NATURALES/INUNDACIÓN EXTRAORDINARIA,Tarragona,1100.0,1,1,1100.0
1978,2023-10-03,CAUSAS NATURALES/INUNDACIÓN EXTRAORDINARIA,Tarragona,6609.0,2,1,6609.0
1979,2023-10-08,CAUSAS NATURALES/INUNDACIÓN EXTRAORDINARIA,Tarragona,1693.0,1,1,1693.0
1985,2023-10-20,CAUSAS NATURALES/INUNDACIÓN EXTRAORDINARIA,Tarragona,740091.0,279,6,123348.5
1986,2023-10-23,CAUSAS NATURALES/INUNDACIÓN EXTRAORDINARIA,Tarragona,1689.0,2,1,1689.0
1987,2023-10-28,CAUSAS NATURALES/INUNDACIÓN EXTRAORDINARIA,Tarragona,82.0,1,1,82.0
1995,2023-01-23,CAUSAS NATURALES/TEMPESTAD CICLÓNICA ATÍPICA,Tarragona,175128.0,248,8,21891.0
1996,2023-09-02,CAUSAS NATURALES/TEMPESTAD CICLÓNICA ATÍPICA,Tarragona,690.0,1,1,690.0
2000,2023-11-04,CAUSAS NATURALES/TEMPESTAD CICLÓNICA ATÍPICA,Tarragona,68242.0,78,4,17060.5
2002,2023-05-25,CAUSAS NATURALES/INUNDACIÓN EXTRAORDINARIA,Teruel,650.0,3,2,325.0
2005,2023-06-03,CAUSAS NATURALES/INUNDACIÓN EXTRAORDINARIA,Teruel,123601.0,65,3,41200.333333333336
2007,2023-06-06,CAUSAS NATURALES/INUNDACIÓN EXTRAORDINARIA,Teruel,4986.0,3,2,2493.0
2008,2023-06-10,CAUSAS NATURALES/INUNDACIÓN EXTRAORDINARIA,Teruel,4557.0,1,1,4557.0
2011,2023-06-14,CAUSAS NATURALES/INUNDACIÓN EXTRAORDINARIA,Teruel,3028270.0,18,3,1009423.3333333334
2012,2023-06-16,CAUSAS NATURALES/INUNDACIÓN EXTRAORDINARIA,Teruel,3457.0,1,1,3457.0
2014,2023-06-20,CAUSAS NATURALES/INUNDACIÓN EXTRAORDINARIA,Teruel,14162.0,4,2,7081.0
2015,2023-06-25,CAUSAS NATURALES/INUNDACIÓN EXTRAORDINARIA,Teruel,5078.0,1,1,5078.0
2016,2023-07-03,CAUSAS NATURALES/INUNDACIÓN EXTRAORDINARIA,Teruel,3189.0,2,1,3189.0
2018,2023-07-07,CAUSAS NATURALES/INUNDACIÓN EXTRAORDINARIA,Teruel,80466.0,60,2,40233.0
2019,2023-07-10,CAUSAS NATURALES/INUNDACIÓN EXTRAORDINARIA,Teruel,302.0,1,1,302.0
2026,2023-01-21,CAUSAS NATURALES/TEMPESTAD CICLÓNICA ATÍPICA,Teruel,35162.0,42,7,5023.142857142857
2027,2023-01-23,CAUSAS NATURALES/TEMPESTAD CICLÓNICA ATÍPICA,Teruel,841.0,2,1,841.0
2028,2023-07-06,CAUSAS NATURALES/TEMPESTAD CICLÓNICA ATÍPICA,Teruel,1394655.0,58,1,1394655.0
2033,2023-11-05,CAUSAS NATURALES/TEMPESTAD CICLÓNICA ATÍPICA,Teruel,74801.0,60,5,14960.2
2034,2023-01-01,CAUSAS NATURALES/INUNDACIÓN EXTRAORDINARIA,Toledo,6937.0,1,1,6937.0
2035,2023-02-25,CAUSAS NATURALES/INUNDACIÓN EXTRAORDINARIA,Toledo,373.0,1,1,373.0
2036,2023-03-25,CAUSAS NATURALES/INUNDACIÓN EXTRAORDINARIA,Toledo,7791.0,1,1,7791.0
2037,2023-05-05,CAUSAS NATURALES/INUNDACIÓN EXTRAORDINARIA,Toledo,144.0,1,1,144.0
2046,2023-06-02,CAUSAS NATURALES/INUNDACIÓN EXTRAORDINARIA,Toledo,193819.0,70,9,21535.444444444445
2048,2023-06-05,CAUSAS NATURALES/INUNDACIÓN EXTRAORDINARIA,Toledo,250966.0,59,2,125483.0
2050,2023-06-08,CAUSAS NATURALES/INUNDACIÓN EXTRAORDINARIA,Toledo,5974.0,2,2,2987.0
2054,2023-06-14,CAUSAS NATURALES/INUNDACIÓN EXTRAORDINARIA,Toledo,70836.0,34,4,17709.0
2055,2023-06-21,CAUSAS NATURALES/INUNDACIÓN EXTRAORDINARIA,Toledo,278202.0,71,1,278202.0
2056,2023-06-24,CAUSAS NATURALES/INUNDACIÓN EXTRAORDINARIA,Toledo,1712.0,1,1,1712.0
2057,2023-06-27,CAUSAS NATURALES/INUNDACIÓN EXTRAORDINARIA,Toledo,562.0,1,1,562.0
2058,2023-08-03,CAUSAS NATURALES/INUNDACIÓN EXTRAORDINARIA,Toledo,4663.0,1,1,4663.0
2059,2023-08-27,CAUSAS NATURALES/INUNDACIÓN EXTRAORDINARIA,Toledo,879.0,1,1,879.0
2074,2023-09-15,CAUSAS NATURALES/INUNDACIÓN EXTRAORDINARIA,Toledo,108809138.0,10912,15,7253942.533333333
2076,2023-09-18,CAUSAS NATURALES/INUNDACIÓN EXTRAORDINARIA,Toledo,13037.0,7,2,6518.5
2077,2023-09-25,CAUSAS NATURALES/INUNDACIÓN EXTRAORDINARIA,Toledo,2037.0,1,1,2037.0
2078,2023-10-01,CAUSAS NATURALES/INUNDACIÓN EXTRAORDINARIA,Toledo,4272.0,1,1,4272.0
2079,2023-10-03,CAUSAS NATURALES/INUNDACIÓN EXTRAORDINARIA,Toledo,9508.0,5,1,9508.0
2081,2023-10-09,CAUSAS NATURALES/INUNDACIÓN EXTRAORDINARIA,Toledo,5683.0,2,2,2841.5
2086,2023-10-23,CAUSAS NATURALES/INUNDACIÓN EXTRAORDINARIA,Toledo,388980.0,147,5,77796.0
2087,2023-10-30,CAUSAS NATURALES/INUNDACIÓN EXTRAORDINARIA,Toledo,6259.0,1,1,6259.0
2089,2023-11-03,CAUSAS NATURALES/INUNDACIÓN EXTRAORDINARIA,Toledo,2835.0,2,2,1417.5
2092,2023-12-01,CAUSAS NATURALES/INUNDACIÓN EXTRAORDINARIA,Toledo,94772.0,40,3,31590.666666666668
2093,2023-12-03,CAUSAS NATURALES/INUNDACIÓN EXTRAORDINARIA,Toledo,673.0,1,1,673.0
2095,2023-09-04,CAUSAS NATURALES/TEMPESTAD CICLÓNICA ATÍPICA,Toledo,33640.0,38,2,16820.0
2096,2023-10-19,CAUSAS NATURALES/TEMPESTAD CICLÓNICA ATÍPICA,Toledo,2333.0,2,1,2333.0
2100,2023-05-26,CAUSAS NATURALES/INUNDACIÓN EXTRAORDINARIA,Valencia/Valencia,231131.0,59,4,57782.75
2102,2023-05-29,CAUSAS NATURALES/INUNDACIÓN EXTRAORDINARIA,Valencia/Valencia,4964.0,2,2,2482.0
2105,2023-06-03,CAUSAS NATURALES/INUNDACIÓN EXTRAORDINARIA,Valencia/Valencia,28215.0,11,3,9405.0
2107,2023-06-13,CAUSAS NATURALES/INUNDACIÓN EXTRAORDINARIA,Valencia/Valencia,203936.0,73,2,101968.0
2108,2023-06-21,CAUSAS NATURALES/INUNDACIÓN EXTRAORDINARIA,Valencia/Valencia,1958.0,2,1,1958.0
2109,2023-07-03,CAUSAS NATURALES/INUNDACIÓN EXTRAORDINARIA,Valencia/Valencia,88027.0,22,1,88027.0
2111,2023-08-27,CAUSAS NATURALES/INUNDACIÓN EXTRAORDINARIA,Valencia/Valencia,105209.0,41,2,52604.5
2122,2023-09-09,CAUSAS NATURALES/INUNDACIÓN EXTRAORDINARIA,Valencia/Valencia,2439287.0,751,11,221753.36363636365
2130,2023-09-19,CAUSAS NATURALES/INUNDACIÓN EXTRAORDINARIA,Valencia/Valencia,2910921.0,958,8,363865.125
2140,2023-01-23,CAUSAS NATURALES/TEMPESTAD CICLÓNICA ATÍPICA,Valencia/Valencia,1016399.0,881,10,101639.9
2141,2023-08-26,CAUSAS NATURALES/TEMPESTAD CICLÓNICA ATÍPICA,Valencia/Valencia,661730.0,302,1,661730.0
2142,2023-09-15,CAUSAS NATURALES/TEMPESTAD CICLÓNICA ATÍPICA,Valencia/Valencia,16753.0,2,1,16753.0
2143,2023-09-17,CAUSAS NATURALES/TEMPESTAD CICLÓNICA ATÍPICA,Valencia/Valencia,385.0,1,1,385.0
2148,2023-11-05,CAUSAS NATURALES/TEMPESTAD CICLÓNICA ATÍPICA,Valencia/Valencia,1324032.0,1490,5,264806.4
2149,2023-05-20,CAUSAS NATURALES/INUNDACIÓN EXTRAORDINARIA,Valladolid,1923.0,1,1,1923.0
2167,2023-06-12,CAUSAS NATURALES/INUNDACIÓN EXTRAORDINARIA,Valladolid,872600.0,277,18,48477.77777777778
2170,2023-06-18,CAUSAS NATURALES/INUNDACIÓN EXTRAORDINARIA,Valladolid,76649.0,26,3,25549.666666666668
2173,2023-06-22,CAUSAS NATURALES/INUNDACIÓN EXTRAORDINARIA,Valladolid,13453.0,5,3,4484.333333333333
2179,2023-09-06,CAUSAS NATURALES/INUNDACIÓN EXTRAORDINARIA,Valladolid,379635.0,131,6,63272.5
2181,2023-09-12,CAUSAS NATURALES/INUNDACIÓN EXTRAORDINARIA,Valladolid,6795.0,4,2,3397.5
2186,2023-06-01,CAUSAS NATURALES/INUNDACIÓN EXTRAORDINARIA,Zamora,45793.0,16,5,9158.6
2188,2023-06-04,CAUSAS NATURALES/INUNDACIÓN EXTRAORDINARIA,Zamora,31587.0,9,2,15793.5
2194,2023-06-12,CAUSAS NATURALES/INUNDACIÓN EXTRAORDINARIA,Zamora,83424.0,24,6,13904.0
2195,2023-06-16,CAUSAS NATURALES/INUNDACIÓN EXTRAORDINARIA,Zamora,1879.0,1,1,1879.0
2196,2023-07-05,CAUSAS NATURALES/INUNDACIÓN EXTRAORDINARIA,Zamora,408.0,1,1,408.0
2197,2023-09-10,CAUSAS NATURALES/INUNDACIÓN EXTRAORDINARIA,Zamora,2475.0,1,1,2475.0
2199,2023-01-17,CAUSAS NATURALES/TEMPESTAD CICLÓNICA ATÍPICA,Zamora,3166.0,8,2,1583.0
2200,2023-01-19,CAUSAS NATURALES/TEMPESTAD CICLÓNICA ATÍPICA,Zamora,261.0,1,1,261.0
2201,2023-10-20,CAUSAS NATURALES/TEMPESTAD CICLÓNICA ATÍPICA,Zamora,309.0,1,1,309.0
2205,2023-11-04,CAUSAS NATURALES/TEMPESTAD CICLÓNICA ATÍPICA,Zamora,11275.0,22,4,2818.75
2206,2023-04-28,CAUSAS NATURALES/INUNDACIÓN EXTRAORDINARIA,Zaragoza,1999.0,1,1,1999.0
2207,2023-05-23,CAUSAS NATURALES/INUNDACIÓN EXTRAORDINARIA,Zaragoza,5185.0,1,1,5185.0
2208,2023-05-31,CAUSAS NATURALES/INUNDACIÓN EXTRAORDINARIA,Zaragoza,41847.0,3,1,41847.0
2210,2023-06-06,CAUSAS NATURALES/INUNDACIÓN EXTRAORDINARIA,Zaragoza,40800.0,30,2,20400.0
2212,2023-06-12,CAUSAS NATURALES/INUNDACIÓN EXTRAORDINARIA,Zaragoza,12987.0,8,2,6493.5
2218,2023-06-21,CAUSAS NATURALES/INUNDACIÓN EXTRAORDINARIA,Zaragoza,189005.0,66,6,31500.833333333332
2219,2023-06-23,CAUSAS NATURALES/INUNDACIÓN EXTRAORDINARIA,Zaragoza,2501.0,2,1,2501.0
2220,2023-06-26,CAUSAS NATURALES/INUNDACIÓN EXTRAORDINARIA,Zaragoza,1364.0,1,1,1364.0
2221,2023-06-29,CAUSAS NATURALES/INUNDACIÓN EXTRAORDINARIA,Zaragoza,23034.0,2,1,23034.0
2229,2023-07-12,CAUSAS NATURALES/INUNDACIÓN EXTRAORDINARIA,Zaragoza,78104102.0,3051,8,9763012.75
2230,2023-08-03,CAUSAS NATURALES/INUNDACIÓN EXTRAORDINARIA,Zaragoza,312.0,1,1,312.0
2236,2023-09-07,CAUSAS NATURALES/INUNDACIÓN EXTRAORDINARIA,Zaragoza,242160.0,90,6,40360.0
2237,2023-09-09,CAUSAS NATURALES/INUNDACIÓN EXTRAORDINARIA,Zaragoza,6997.0,1,1,6997.0
2239,2023-09-12,CAUSAS NATURALES/INUNDACIÓN EXTRAORDINARIA,Zaragoza,64370.0,18,2,32185.0
2242,2023-09-19,CAUSAS NATURALES/INUNDACIÓN EXTRAORDINARIA,Zaragoza,10128.0,5,3,3376.0
2243,2023-09-26,CAUSAS NATURALES/INUNDACIÓN EXTRAORDINARIA,Zaragoza,166.0,1,1,166.0
2244,2023-10-02,CAUSAS NATURALES/INUNDACIÓN EXTRAORDINARIA,Zaragoza,2167.0,1,1,2167.0
2245,2023-01-14,CAUSAS NATURALES/TEMPESTAD CICLÓNICA ATÍPICA,Zaragoza,3201.0,1,1,3201.0
2252,2023-01-22,CAUSAS NATURALES/TEMPESTAD CICLÓNICA ATÍPICA,Zaragoza,43416.0,49,7,6202.285714285715
2253,2023-03-10,CAUSAS NATURALES/TEMPESTAD CICLÓNICA ATÍPICA,Zaragoza,874.0,2,1,874.0
2254,2023-09-03,CAUSAS NATURALES/TEMPESTAD CICLÓNICA ATÍPICA,Zaragoza,114.0,1,1,114.0
2257,2023-10-20,CAUSAS NATURALES/TEMPESTAD CICLÓNICA ATÍPICA,Zaragoza,11340.0,12,3,3780.0
2259,2023-10-23,CAUSAS NATURALES/TEMPESTAD CICLÓNICA ATÍPICA,Zaragoza,1968.0,5,2,984.0
2260,2023-10-26,CAUSAS NATURALES/TEMPESTAD CICLÓNICA ATÍPICA,Zaragoza,871.0,1,1,871.0
2265,2023-11-05,CAUSAS NATURALES/TEMPESTAD CICLÓNICA ATÍPICA,Zaragoza,298576.0,310,5,59715.2
